YYYY,MM,DD,HH,MM,SS,mmm,TIME_DELAY(msec),POWER(dB)
2009,04,42,18,37,00,254,6.797688,22
2009,04,42,18,38,00,254,6.991908,22
2009,04,42,18,39,00,254,6.894798,22
2009,04,42,18,40,00,254,6.991908,22
2009,04,42,18,41,00,254,6.991908,22
2009,04,42,18,42,00,254,6.991908,22
2009,04,42,18,43,00,254,7.089017,22
2009,04,42,18,44,00,254,7.089017,22
2009,04,42,18,45,00,254,7.186127,22
2009,04,42,18,46,00,254,7.186127,22
2009,04,42,18,47,00,254,7.283237,22
2009,04,42,18,48,00,254,7.186127,22