YYYY,MM,DD,HH,MM,SS,mmm,TIME_DELAY(msec),POWER(dB)
2009, 04,22,18,37,00,0,6.797688,22,
2009, 04,22,18,38,00,0,6.991908,22,
2009, 04,22,18,39,00,0,6.894798,22,
2009,04,22,18,40,00,0,6.991908,22,
2009,04,22,18,41,00,0,6.991908,22
2009,04,22,18,42,00,0,6.991908,22
2009,04,22,18,43,00,0,7.089017,22
2009,04,22,18,44,00,0,7.089017,22
2009,04,22,18,45,00,0,7.186127,22
2009,04,22,18,46,00,0,7.186127,22
2009,04,22,18,47,00,0,7.283237,22
2009,04,22,18,48,00,0,7.186127,22